HerdCode,HerdName,ScorerName,ScoreDate,Creation Date,CalfID,BirthDate,Calf Age,BodyTemp,BodyWeight,Appetite,Attitude,Nose,Eye,Ear,Cough,Temperature,TotalRespiratoryScore,UltraSound,UltraSoundComment,UScategory,Fecal,Navel,Joint,CalfComment,trtScoreRS,trtScoreNRS,RScategory,BRDCategory,Recheck,trtScore,,
12345678,Skyview ,Destiny,8/8/2024,8/8/2024 9:38,1,8/7/2024,1,100.5,,0,0,0,0,0,0,0,0,,,,2,2,0,,0,4,Diarrhea_Navel,,,Treatable,,
12345678,Skyview,Kenson,8/9/2024,8/9/2024 9:14,1,8/7/2024,2,101.7,,0,0,0,0,0,0,1,1,,,,0,1,0,,0,0,NoDisease,,,,,
12345678,Skyview,Kenson,8/10/2024,8/10/2024 8:48,1,8/7/2024,3,100.7,,0,0,0,0,0,0,0,0,,,,0,1,0,,0,0,NoDisease,,,,,
12345678,Skyview ,Destiny,8/8/2024,8/8/2024 9:38,2,8/7/2024,1,100.8,,0,0,0,0,0,0,0,0,,,,1,0,0,,0,0,NoDisease,,,,,
12345678,Skyview,Kenson,8/9/2024,8/9/2024 9:13,2,8/7/2024,2,101.9,,0,0,0,0,0,0,1,1,,,,0,1,0,,0,0,NoDisease,,,,,
12345678,Skyview,Kenson,8/10/2024,8/10/2024 8:45,2,8/7/2024,3,101.5,,0,0,0,0,0,0,1,1,,,,0,0,0,,0,0,NoDisease,,,,,
12345678,Skyview ,Destiny,8/7/2024,8/7/2024 6:39,3,8/6/2024,1,101,,0,0,0,0,0,0,1,1,,,,1,0,0,,0,0,NoDisease,,,,,
12345678,Skyview ,Destiny,8/8/2024,8/8/2024 9:37,3,8/6/2024,2,102.5,,0,0,0,0,0,0,2,2,,,,1,1,0,,1,0,NoDisease,,Recheck,,,
12345678,Skyview,Kenson,8/9/2024,8/9/2024 9:20,3,8/6/2024,3,101.2,,0,0,0,0,0,0,1,1,,,,0,1,0,,0,0,NoDisease,,,,,
12345678,Skyview ,Destiny,8/6/2024,8/6/2024 9:13,4,8/5/2024,1,100.7,,1,0,0,0,0,0,0,0,,,,1,0,0,,0,0,NoDisease,,,,,
12345678,Skyview ,Destiny,8/7/2024,8/7/2024 6:37,4,8/5/2024,2,101.2,,0,0,0,0,0,0,1,1,,,,1,0,0,,0,0,NoDisease,,,,,
12345678,Skyview ,Destiny,8/8/2024,8/8/2024 9:37,4,8/5/2024,3,100.4,,0,0,0,0,0,0,0,0,,,,1,0,0,,0,0,NoDisease,,,,,
12345678,Skyview ,Destiny,8/6/2024,8/6/2024 9:13,5,8/5/2024,1,101,,0,0,0,0,0,0,1,1,,,,1,0,0,,0,0,NoDisease,,,,,
12345678,Skyview ,Destiny,8/7/2024,8/7/2024 6:37,5,8/5/2024,2,102.1,,0,0,0,0,0,0,2,2,,,,1,0,0,,1,0,NoDisease,,Recheck,,,
12345678,Skyview ,Destiny,8/8/2024,8/8/2024 9:36,5,8/5/2024,3,102.3,,0,0,0,0,0,0,2,2,,,,1,0,0,,1,0,NoDisease,,Recheck,,,
12345678,Skyview ,Destiny,8/6/2024,8/6/2024 9:13,6,8/5/2024,1,100.8,,1,0,0,0,0,0,0,0,,,,1,1,0,,0,0,NoDisease,,,,,
12345678,Skyview ,Destiny,8/7/2024,8/7/2024 6:37,6,8/5/2024,2,102,,0,0,0,0,0,0,2,2,,,,1,1,0,,1,0,NoDisease,,Recheck,,,
12345678,Skyview ,Destiny,8/8/2024,8/8/2024 9:36,6,8/5/2024,3,101.5,,0,0,0,0,0,0,1,1,,,,1,1,0,,0,0,NoDisease,,,,,
12345678,Skyview ,Destiny ,8/3/2024,8/3/2024 10:16,7,8/2/2024,1,100.8,,0,0,0,0,0,0,0,0,,,,1,0,0,,0,0,NoDisease,,,,,
12345678,Skyview ,Destiny ,8/4/2024,8/4/2024 10:00,7,8/2/2024,2,102.3,,0,0,0,0,0,0,2,2,,,,1,1,0,,1,0,NoDisease,,Recheck,,,
12345678,Skyview ,Bela,8/5/2024,8/5/2024 7:06,7,8/2/2024,3,102,,0,0,0,0,0,0,2,2,,,,1,1,0,,1,0,NoDisease,,Recheck,,,
12345678,Skyview ,Destiny ,8/3/2024,8/3/2024 10:13,8,8/2/2024,1,100.8,,0,0,0,0,0,0,0,0,,,,1,0,0,,0,0,NoDisease,,,,,
12345678,Skyview ,Destiny ,8/4/2024,8/4/2024 10:00,8,8/2/2024,2,101.3,,0,0,0,0,0,0,1,1,,,,1,0,0,,0,0,NoDisease,,,,,
12345678,Skyview ,Bela,8/5/2024,8/5/2024 7:03,8,8/2/2024,3,101.8,,0,0,0,0,0,0,1,1,,,,1,1,0,,0,0,NoDisease,,,,,
12345678,Skyview ,Destiny ,8/3/2024,8/3/2024 10:12,9,8/2/2024,1,99,,3,2,0,0,0,0,0,0,,,,3,0,0,,0,2,Diarrhea,,,Treatable,,
12345678,Skyview ,Destiny ,8/4/2024,8/4/2024 10:00,9,8/2/2024,2,101,,0,0,0,0,0,0,1,1,,,,1,0,0,,0,0,NoDisease,,,,,
12345678,Skyview ,Bela,8/5/2024,8/5/2024 7:02,9,8/2/2024,3,102.3,,0,0,0,0,0,0,2,2,,,,2,0,0,,1,2,Diarrhea,,,Treatable,,
12345678,Skyview,Isabela,8/2/2024,8/2/2024 8:41,10,8/1/2024,1,101.2,,3,0,0,0,0,1,1,2,,,,1,1,0,,0,0,NoDisease,,,,,
12345678,Skyview ,Destiny ,8/3/2024,8/3/2024 10:09,10,8/1/2024,2,101.5,,0,0,0,0,0,0,1,1,,,,1,0,0,,0,0,NoDisease,,,,,
12345678,Skyview ,Destiny ,8/4/2024,8/4/2024 9:59,10,8/1/2024,3,102.1,,0,0,0,0,0,0,2,2,,,,1,0,0,,1,0,NoDisease,,Recheck,,,
12345678,Skyview ,Destiny ,8/1/2024,8/1/2024 6:52,11,7/31/2024,1,100.6,,,0,0,0,0,0,0,0,,,,1,2,0,,0,2,Navel,,,Treatable,,
12345678,Skyview,Isabela,8/2/2024,8/2/2024 8:54,11,7/31/2024,2,101.2,,0,0,0,0,0,0,1,1,,,,1,1,0,,0,0,NoDisease,,,,,
12345678,Skyview ,Destiny ,8/3/2024,8/3/2024 10:05,11,7/31/2024,3,99.7,,0,0,0,0,0,0,0,0,,,,1,1,0,,0,0,NoDisease,,,,,
12345678,Skyview ,Destiny ,8/1/2024,8/1/2024 6:49,12,7/31/2024,1,100.1,,,0,0,0,0,0,0,0,,,,1,0,0,,0,0,NoDisease,,,,,
12345678,Skyview,Isabela,8/2/2024,8/2/2024 8:52,12,7/31/2024,2,102.4,,0,0,0,0,0,0,2,2,,,,1,2,0,,1,2,Navel,,,Treatable,,
12345678,Skyview ,Destiny ,8/3/2024,8/3/2024 10:04,12,7/31/2024,3,101.5,,0,0,0,0,0,0,1,1,,,,1,2,0,,0,2,Navel,,,Treatable,,
12345678,Skyview ,Destiny ,8/1/2024,8/1/2024 6:50,13,7/31/2024,1,100.8,,,0,0,0,0,0,0,0,,,,3,2,0,,0,4,Diarrhea_Navel,,,Treatable,,
12345678,Skyview,Isabela,8/2/2024,8/2/2024 9:02,13,7/31/2024,2,101,,0,0,0,0,0,0,1,1,,,,1,1,0,,0,0,NoDisease,,,,,
12345678,Skyview ,Destiny ,8/3/2024,8/3/2024 9:59,13,7/31/2024,3,101.2,,0,0,0,0,0,0,1,1,,,,1,1,0,,0,0,NoDisease,,,,,
12345678,Skyview ,Destiny ,8/1/2024,8/1/2024 6:53,14,7/31/2024,1,101.2,,,0,0,0,0,0,1,1,,,,1,0,0,,0,0,NoDisease,,,,,
12345678,Skyview,Isabela,8/2/2024,8/2/2024 8:58,14,7/31/2024,2,102.1,,0,0,0,0,0,0,2,2,,,,1,2,0,,1,2,Navel,,,Treatable,,
12345678,Skyview ,Destiny ,8/3/2024,8/3/2024 9:52,14,7/31/2024,3,101,,0,0,0,0,0,0,1,1,,,,1,1,0,,0,0,NoDisease,,,,,
12345678,Skyview ,Destiny ,8/1/2024,8/1/2024 6:57,15,7/31/2024,1,100.9,,,0,0,0,0,0,0,0,,,,1,0,1,,0,0,NoDisease,,,,,
12345678,Skyview,Isabela,8/2/2024,8/2/2024 9:00,15,7/31/2024,2,102.1,,0,0,0,0,0,0,2,2,,,,2,0,0,,1,2,Diarrhea,,,Treatable,,
12345678,Skyview ,Destiny ,8/3/2024,8/3/2024 9:57,15,7/31/2024,3,101,,0,0,0,0,0,0,1,1,,,,1,1,0,,0,0,NoDisease,,,,,
12345678,Skyview ,Destiny ,8/1/2024,8/1/2024 6:55,16,7/31/2024,1,100.8,,,0,0,0,0,,0,0,,,,0,0,0,,0,0,NoDisease,,,,,
12345678,Skyview,Isabela,8/2/2024,8/2/2024 8:57,16,7/31/2024,2,102.2,,0,0,0,0,0,0,2,2,,,,1,0,0,,1,0,NoDisease,,Recheck,,,
12345678,Skyview ,Destiny ,8/3/2024,8/3/2024 9:51,16,7/31/2024,3,101.4,,0,0,0,0,0,0,1,1,,,,1,1,0,,0,0,NoDisease,,,,,
12345678,Skyview ,Isabela,7/31/2024,7/31/2024 11:48,17,7/30/2024,1,101.2,,2,0,0,0,0,0,1,1,,,,1,0,0,,0,0,NoDisease,,,,,
12345678,Skyview ,Destiny ,8/1/2024,8/1/2024 6:58,17,7/30/2024,2,100.2,,0,0,0,0,0,0,0,0,,,,1,0,0,,0,0,NoDisease,,,,,
12345678,Skyview,Isabela,8/2/2024,8/2/2024 9:07,17,7/30/2024,3,102,,0,0,0,0,0,0,2,2,,,,1,1,0,,1,0,NoDisease,,Recheck,,,
12345678,Skyview ,Isabela,7/31/2024,7/31/2024 11:46,18,7/30/2024,1,101.8,,0,0,0,0,0,0,1,1,,,,1,0,0,,0,0,NoDisease,,,,,
12345678,Skyview ,Destiny ,8/1/2024,8/1/2024 6:59,18,7/30/2024,2,101.8,,0,0,0,0,0,0,1,1,,,,1,0,0,,0,0,NoDisease,,,,,
12345678,Skyview,Isabela,8/2/2024,8/2/2024 9:04,18,7/31/2024,3,100.7,,0,0,0,0,0,0,0,0,,,,1,0,0,,0,0,NoDisease,,,,,
12345678,Skyview ,Destiny,7/30/2024,7/30/2024 9:57,19,7/29/2024,1,100.8,,0,0,0,0,0,0,0,0,,,,0,1,0,,0,0,NoDisease,,,,,
12345678,Skyview ,Isabela,7/31/2024,7/31/2024 11:44,19,7/29/2024,2,102.5,,0,0,0,0,0,0,2,2,,,,1,1,0,,1,0,NoDisease,,Recheck,,,
12345678,Skyview ,Destiny ,8/1/2024,8/1/2024 7:01,19,7/29/2024,3,101,,0,0,0,0,0,0,1,1,,,,1,2,0,,0,2,Navel,,,Treatable,,
12345678,Skyview ,Destiny,7/30/2024,7/30/2024 9:56,20,7/29/2024,1,100.5,,1,0,0,0,0,0,0,0,,,,1,0,0,,0,0,NoDisease,,,,,
12345678,Skyview ,Isabela,7/31/2024,7/31/2024 11:43,20,7/29/2024,2,102.8,,0,1,0,0,0,0,2,2,,,,1,0,0,,1,0,NoDisease,,Recheck,,,
12345678,Skyview ,Destiny ,8/1/2024,8/1/2024 7:02,20,7/29/2024,3,101.2,,0,0,0,0,0,0,1,1,,,,1,1,0,,0,0,NoDisease,,,,,
12345678,Skyview ,Destiny,7/30/2024,7/30/2024 9:55,21,7/29/2024,1,98.4,,3,0,0,0,0,0,0,0,,,,0,0,0,,0,0,NoDisease,,,,,
12345678,Skyview ,Isabela,7/31/2024,7/31/2024 11:10,21,7/29/2024,2,101.6,,0,1,0,0,0,0,1,1,,,,1,0,0,,0,0,NoDisease,,,,,
12345678,Skyview ,Destiny ,8/1/2024,8/1/2024 7:05,21,7/29/2024,3,101.9,,0,0,0,0,0,0,1,1,,,,1,1,0,,0,0,NoDisease,,,,,
12345678,Skyview ,Destiny,7/30/2024,7/30/2024 9:53,22,7/29/2024,1,101,,3,0,0,0,0,0,1,1,,,,1,1,0,,0,0,NoDisease,,,,,
12345678,Skyview ,Isabela,7/31/2024,7/31/2024 11:08,22,7/29/2024,2,102.2,,0,0,0,0,0,0,2,2,,,,1,1,0,,1,0,NoDisease,,Recheck,,,
12345678,Skyview ,Destiny ,8/1/2024,8/1/2024 7:06,22,7/29/2024,3,102.8,,,0,0,0,0,0,2,2,,,,1,1,0,,1,0,NoDisease,,Recheck,,,
12345678,Skyview ,Destiny,7/30/2024,7/30/2024 9:52,23,7/29/2024,1,101.4,,0,0,0,0,0,0,1,1,,,,2,0,0,,0,2,Diarrhea,,,Treatable,,
12345678,Skyview ,Isabela,7/31/2024,7/31/2024 11:07,23,7/29/2024,2,101,,0,0,0,0,0,0,1,1,,,,1,0,0,,0,0,NoDisease,,,,,
12345678,Skyview ,Destiny ,8/1/2024,8/1/2024 7:08,23,7/29/2024,3,101.5,,,0,0,0,0,0,1,1,,,,1,0,0,,0,0,NoDisease,,,,,
12345678,Skyview ,Destiny,7/30/2024,7/30/2024 9:51,24,7/29/2024,1,100.8,,0,0,0,0,0,0,0,0,,,,1,2,0,,0,2,Navel,,,Treatable,,
12345678,Skyview ,Isabela,7/31/2024,7/31/2024 11:05,24,7/29/2024,2,102.1,,0,0,0,0,0,0,2,2,,,,1,2,0,,1,2,Navel,,,Treatable,,
12345678,Skyview ,Destiny ,8/1/2024,8/1/2024 7:12,24,7/29/2024,3,101.5,,,0,0,0,0,0,1,1,,,,1,2,0,,0,2,Navel,,,Treatable,,
12345678,Skyview ,Destiny,7/30/2024,7/30/2024 9:50,25,7/29/2024,1,101.1,,3,0,0,0,0,0,1,1,,,,1,1,0,,0,0,NoDisease,,,,,
12345678,Skyview ,Isabela,7/31/2024,7/31/2024 11:03,25,7/29/2024,2,101.8,,0,0,0,0,0,0,1,1,,,,1,1,0,,0,0,NoDisease,,,,,
12345678,Skyview ,Destiny ,8/1/2024,8/1/2024 7:11,25,7/29/2024,3,100.6,,,,0,0,0,0,0,0,,,,0,1,0,,0,0,NoDisease,,,,,
12345678,Skyview ,Isabela,7/26/2024,7/26/2024 10:20,26,7/25/2024,1,102.1,,0,0,0,0,0,0,2,2,,,,1,2,0,,1,2,Navel,,,Treatable,,
12345678,Skyview ,Isabela,7/28/2024,7/28/2024 9:57,26,7/25/2024,3,101.9,,0,0,0,0,0,0,1,1,4,,LobarPneumonia,2,0,0,,0,2,Diarrhea,SubclinicalLobarPneumonia,,Treatable,,
12345678,Skyview ,Isabela,7/26/2024,7/26/2024 10:19,27,7/25/2024,1,101.5,,0,0,0,0,0,0,1,1,,,,1,1,0,,0,0,NoDisease,,,,,
12345678,Skyview ,Isabela,7/27/2024,7/27/2024 9:49,27,7/25/2024,2,102.1,,0,0,0,0,0,0,2,2,,,,1,0,0,,1,0,NoDisease,,Recheck,,,
12345678,Skyview ,Isabela,7/28/2024,7/28/2024 9:55,27,7/25/2024,3,102,,0,0,0,0,0,0,2,2,,,,1,0,0,,1,0,NoDisease,,Recheck,,,
12345678,Skyview ,Isabela,7/26/2024,7/26/2024 10:17,28,7/25/2024,1,101.8,,0,0,0,0,0,0,1,1,,,,1,2,0,,0,2,Navel,,,Treatable,,
12345678,Skyview ,Isabela,7/27/2024,7/27/2024 9:46,28,7/25/2024,2,103,,0,0,0,0,0,0,3,3,,,,1,0,0,,1,0,ElevatedTemperature,,Recheck,,,
12345678,Skyview ,Isabela,7/28/2024,7/28/2024 9:53,28,7/25/2024,3,103,,0,0,0,0,0,0,3,3,,,,2,0,0,,1,2,ElevatedTemperature_Diarrhea,,,Treatable,,
12345678,Skyview ,Isabela,7/26/2024,7/26/2024 10:13,29,7/25/2024,1,101.4,,0,0,0,0,0,0,1,1,,,,1,0,0,,0,0,NoDisease,,,,,
12345678,Skyview ,Isabela,7/27/2024,7/27/2024 9:42,29,7/25/2024,2,102,,0,0,0,0,0,0,2,2,,,,1,0,0,,1,0,NoDisease,,Recheck,,,
12345678,Skyview ,Isabela,7/28/2024,7/28/2024 9:48,29,7/25/2024,3,101.9,,0,0,0,0,0,0,1,1,,,,1,0,0,,0,0,NoDisease,,,,,
12345678,Skyview ,Isabela,7/26/2024,7/26/2024 10:15,30,7/25/2024,1,101.5,,0,0,0,0,0,0,1,1,,,,0,0,0,,0,0,NoDisease,,,,,
12345678,Skyview ,Isabela,7/27/2024,7/27/2024 9:44,30,7/25/2024,2,102,,0,0,0,0,0,0,2,2,,,,1,0,0,,1,0,NoDisease,,Recheck,,,
12345678,Skyview ,Isabela,7/28/2024,7/28/2024 9:50,30,7/25/2024,3,102.4,,0,0,0,0,0,0,2,2,,,,1,0,0,,1,0,NoDisease,,Recheck,,,
12345678,Skyview ,Isabela,7/26/2024,7/26/2024 10:11,31,7/25/2024,1,101.8,,0,0,0,0,0,0,1,1,,,,1,0,0,,0,0,NoDisease,,,,,
12345678,Skyview ,Isabela,7/27/2024,7/27/2024 9:41,31,7/25/2024,2,101.5,,0,0,0,0,0,0,1,1,,,,1,1,0,,0,0,NoDisease,,,,,
12345678,Skyview ,Isabela,7/28/2024,7/28/2024 9:47,31,7/25/2024,3,101.4,,0,0,0,0,0,0,1,1,,,,1,0,0,,0,0,NoDisease,,,,,
12345678,Skyview ,Isabela,7/25/2024,7/25/2024 8:53,32,7/24/2024,1,101.2,,2,1,0,0,0,0,1,1,,,,1,0,0,,0,0,NoDisease,,,,,
12345678,Skyview ,Isabela,7/26/2024,7/26/2024 10:09,32,7/24/2024,2,102.4,,0,0,0,0,0,0,2,2,,,,0,0,0,,1,0,NoDisease,,Recheck,,,
12345678,Skyview ,Isabela,7/27/2024,7/27/2024 9:38,32,7/24/2024,3,101,,0,0,0,0,0,0,1,1,,,,1,0,0,,0,0,NoDisease,,,,,
12345678,Skyview ,Isabela,7/25/2024,7/25/2024 8:51,33,7/24/2024,1,101.4,,0,0,0,0,0,0,1,1,,,,1,1,0,,0,0,NoDisease,,,,,
12345678,Skyview ,Isabela,7/26/2024,7/26/2024 10:07,33,7/24/2024,2,102,,0,0,0,0,0,0,2,2,,,,1,1,0,,1,0,NoDisease,,Recheck,,,
12345678,Skyview ,Isabela,7/27/2024,7/27/2024 9:35,33,7/24/2024,3,102.7,,0,0,0,0,0,0,2,2,,,,2,1,0,,1,2,Diarrhea,,,Treatable,,
12345678,Skyview ,Isabela,7/25/2024,7/25/2024 8:50,34,7/24/2024,1,101.2,,0,0,0,0,0,0,1,1,,,,1,0,0,,0,0,NoDisease,,,,,
12345678,Skyview ,Isabela,7/26/2024,7/26/2024 10:05,34,7/24/2024,2,102.7,,0,1,0,0,0,1,2,3,,,,1,0,0,,1,0,NoDisease,,Recheck,,,
12345678,Skyview ,Isabela,7/27/2024,7/27/2024 9:32,34,7/24/2024,3,102.6,,0,0,0,0,0,0,2,2,,,,1,0,0,,1,0,NoDisease,,Recheck,,,
12345678,Skyview ,Isabela,7/25/2024,7/25/2024 8:48,35,7/24/2024,1,101.1,,3,1,0,0,0,0,1,1,,,,2,0,0,,0,2,Diarrhea,,,Treatable,,
12345678,Skyview ,Isabela,7/26/2024,7/26/2024 10:04,35,7/24/2024,2,102,,0,0,0,0,0,0,2,2,,,,2,0,0,,1,2,Diarrhea,,,Treatable,,
12345678,Skyview ,Isabela,7/27/2024,7/27/2024 9:29,35,7/24/2024,3,101.7,,0,0,0,0,0,0,1,1,,,,1,0,0,,0,0,NoDisease,,,,,
12345678,Skyview ,Isabela,7/24/2024,7/24/2024 9:26,36,7/23/2024,1,101.2,,0,0,0,0,0,0,1,1,,,,1,1,0,,0,0,NoDisease,,,,,
12345678,Skyview ,Isabela,7/25/2024,7/25/2024 8:45,36,7/23/2024,2,102.7,,1,0,0,0,0,0,2,2,,,,1,0,0,,1,0,NoDisease,,Recheck,,,
12345678,Skyview ,Isabela,7/26/2024,7/26/2024 10:01,36,7/23/2024,3,102,,0,0,0,0,0,0,2,2,,,,1,1,0,,1,0,NoDisease,,Recheck,,,
12345678,Skyview ,Isabela,7/24/2024,7/24/2024 9:27,37,7/23/2024,1,100.3,,2,0,0,0,0,0,0,0,,,,1,0,0,,0,0,NoDisease,,,,,
12345678,Skyview ,Isabela,7/25/2024,7/25/2024 8:47,37,7/23/2024,2,100.4,,0,0,0,0,0,0,0,0,,,,1,0,0,,0,0,NoDisease,,,,,
12345678,Skyview ,Isabela,7/26/2024,7/26/2024 9:58,37,7/23/2024,3,101.5,,0,0,0,0,0,0,1,1,,,,1,1,0,,0,0,NoDisease,,,,,
12345678,Skyview ,Isabela,7/24/2024,7/24/2024 9:22,38,7/23/2024,1,101,,0,0,0,0,0,0,1,1,,,,1,0,0,,0,0,NoDisease,,,,,
12345678,Skyview ,Isabela,7/25/2024,7/25/2024 8:44,38,7/23/2024,2,100.4,,0,0,0,0,0,0,0,0,,,,1,0,0,,0,0,NoDisease,,,,,
12345678,Skyview ,Isabela,7/26/2024,7/26/2024 9:52,38,7/23/2024,3,101.7,,0,0,0,0,0,0,1,1,,,,1,0,,,0,0,NoDisease,,,,,
12345678,Skyview ,Isabela,7/24/2024,7/24/2024 9:23,39,7/23/2024,1,100.8,,0,0,0,0,0,0,0,0,,,,1,0,0,,0,0,NoDisease,,,,,
12345678,Skyview ,Isabela,7/25/2024,7/25/2024 8:43,39,7/23/2024,2,101.8,,0,0,0,0,0,0,1,1,,,,1,0,0,,0,0,NoDisease,,,,,
12345678,Skyview ,Isabela,7/26/2024,7/26/2024 9:55,39,7/23/2024,3,101,,0,0,0,0,0,0,1,1,,,,1,0,0,,0,0,NoDisease,,,,,
12345678,Skyview ,Isabela,7/23/2024,7/23/2024 9:43,40,7/22/2024,1,100.6,,2,1,0,0,0,0,0,0,,,,1,1,0,,0,0,NoDisease,,,,,
12345678,Skyview ,Isabela,7/24/2024,7/24/2024 9:20,40,7/22/2024,2,102.1,,0,0,0,0,0,0,2,2,,,,1,0,0,,1,0,NoDisease,,Recheck,,,
12345678,Skyview ,Isabela,7/25/2024,7/25/2024 8:58,40,7/22/2024,3,100.8,,0,0,0,0,0,0,0,0,,,,0,0,0,,0,0,NoDisease,,,,,
12345678,Skyview ,Isabela,7/23/2024,7/23/2024 9:47,41,7/22/2024,1,101.2,,0,0,0,0,0,0,1,1,,,,2,0,0,,0,2,Diarrhea,,,Treatable,,
12345678,Skyview ,Isabela,7/24/2024,7/24/2024 9:19,41,7/22/2024,2,101.3,,0,0,0,0,0,0,1,1,,,,1,1,0,,0,0,NoDisease,,,,,
12345678,Skyview ,Isabela,7/25/2024,7/25/2024 8:54,41,7/22/2024,3,102,,0,0,0,0,0,0,2,2,,,,1,1,0,,1,0,NoDisease,,Recheck,,,
12345678,Skyview ,Isabela,7/23/2024,7/23/2024 9:45,42,7/22/2024,1,101,,0,0,0,0,0,0,1,1,,,,1,0,0,,0,0,NoDisease,,,,,
12345678,Skyview ,Isabela,7/24/2024,7/24/2024 9:18,42,7/22/2024,2,101.4,,0,0,0,0,0,0,1,1,,,,1,0,0,,0,0,NoDisease,,,,,
12345678,Skyview ,Isabela,7/25/2024,7/25/2024 8:56,42,7/22/2024,3,101.8,,0,0,0,0,0,0,1,1,,,,1,0,0,,0,0,NoDisease,,,,,
12345678,Skyview ,Destiny,7/19/2024,7/19/2024 9:36,43,7/18/2024,1,101,,3,0,0,0,0,0,1,1,,,,0,0,0,,0,0,NoDisease,,,,,
12345678,Skyview ,Destiny,7/20/2024,7/20/2024 9:23,43,7/18/2024,2,101.9,,0,0,0,0,0,0,1,1,,,,2,1,0,,0,2,Diarrhea,,,Treatable,,
12345678,Skyview ,Destiny,7/21/2024,7/21/2024 13:39,43,7/18/2024,3,100,,0,0,0,0,0,0,0,0,,,,1,0,0,,0,0,NoDisease,,,,,
12345678,Skyview ,Destiny,7/19/2024,7/19/2024 9:34,44,7/18/2024,1,101.5,,3,2,0,0,0,0,1,1,,,,0,0,0,,0,0,NoDisease,,,,,
12345678,Skyview ,Destiny,7/20/2024,7/20/2024 9:22,44,7/18/2024,2,101.2,,0,0,0,0,0,0,1,1,,,,1,1,0,,0,0,NoDisease,,,,,
12345678,Skyview ,Destiny,7/21/2024,7/21/2024 13:37,44,7/18/2024,3,100.6,,0,0,0,0,0,0,0,0,,,,1,1,0,,0,0,NoDisease,,,,,
12345678,Skyview ,Destiny,7/19/2024,7/19/2024 9:32,45,7/18/2024,1,101.2,,3,2,0,0,0,0,1,1,,,,3,0,0,,0,2,Diarrhea,,,Treatable,,
12345678,Skyview ,Destiny,7/20/2024,7/20/2024 9:21,45,7/18/2024,2,102.2,,0,0,0,0,0,0,2,2,,,,2,0,0,,1,2,Diarrhea,,,Treatable,,
12345678,Skyview ,Destiny,7/21/2024,7/21/2024 13:35,45,7/18/2024,3,100.7,,0,0,0,0,0,0,0,0,,,,1,1,0,,0,0,NoDisease,,,,,
12345678,Skyview,Kenson,7/18/2024,7/18/2024 9:21,46,7/17/2024,1,101.4,,1,0,0,0,0,0,1,1,,,,1,0,0,,0,0,NoDisease,,,,,
12345678,Skyview ,Destiny,7/19/2024,7/19/2024 9:29,46,7/17/2024,2,102.1,,0,0,0,0,0,0,2,2,,,,2,0,0,,1,2,Diarrhea,,,Treatable,,
12345678,Skyview ,Destiny,7/20/2024,7/20/2024 9:04,46,7/17/2024,3,100.8,,0,0,0,0,0,0,0,0,,,,1,0,0,,0,0,NoDisease,,,,,
12345678,Skyview ,Kenson,7/17/2024,7/17/2024 11:44,47,7/16/2024,1,100.5,,0,0,0,0,0,0,0,0,,,,0,2,0,,0,2,Navel,,,Treatable,,
12345678,Skyview,Kenson,7/18/2024,7/18/2024 9:23,47,7/16/2024,2,101.8,,0,0,0,0,0,0,1,1,,,,1,1,0,,0,0,NoDisease,,,,,
12345678,Skyview ,Destiny,7/19/2024,7/19/2024 9:15,47,7/16/2024,3,102.7,,0,0,0,0,0,0,2,2,,,,0,1,0,,1,0,NoDisease,,Recheck,,,
12345678,Skyview ,Kenson,7/17/2024,7/17/2024 11:45,48,7/16/2024,1,101.6,,2,0,0,0,0,0,1,1,,,,1,0,0,,0,0,NoDisease,,,,,
12345678,Skyview,Kenson,7/18/2024,7/18/2024 9:24,48,7/16/2024,2,101.4,,1,0,0,0,0,0,1,1,,,,1,0,0,,0,0,NoDisease,,,,,
12345678,Skyview ,Destiny,7/19/2024,7/19/2024 9:13,48,7/16/2024,3,100,,0,0,0,0,0,0,0,0,,,,0,0,0,,0,0,NoDisease,,,,,
12345678,Skyview ,Kenson,7/17/2024,7/17/2024 11:48,49,7/16/2024,1,101.5,,3,1,0,0,0,0,1,1,,,,1,0,0,rapid breathing,0,0,NoDisease,,,,,
12345678,Skyview,Kenson,7/18/2024,7/18/2024 9:26,49,7/16/2024,2,102.1,,3,1,0,0,0,0,2,2,,,,1,0,0,,1,0,NoDisease,,Recheck,,,
12345678,Skyview ,Destiny,7/19/2024,7/19/2024 9:25,49,7/16/2024,3,101.4,,0,1,0,0,0,0,1,1,,,,0,0,0,,0,0,NoDisease,,,,,
12345678,Skyview ,Kenson,7/17/2024,7/17/2024 11:54,50,7/16/2024,1,100.7,,1,0,0,0,0,0,0,0,,,,1,1,0,,0,0,NoDisease,,,,,
12345678,Skyview,Kenson,7/18/2024,7/18/2024 9:31,50,7/16/2024,2,102.4,,1,0,0,0,0,0,2,2,,,,2,1,0,,1,2,Diarrhea,,,Treatable,,
12345678,Skyview ,Destiny,7/19/2024,7/19/2024 9:07,50,7/16/2024,3,102.9,,1,1,0,0,0,0,2,2,,,,3,3,0,,1,4,Diarrhea_Navel,,,Treatable,,
12345678,Skyview ,Kenson,7/17/2024,7/17/2024 11:54,51,7/16/2024,1,101.4,,0,0,0,0,0,0,1,1,,,,0,1,0,,0,0,NoDisease,,,,,
12345678,Skyview,Kenson,7/18/2024,7/18/2024 9:30,51,7/16/2024,2,102,,0,0,0,0,0,0,2,2,,,,0,1,0,,1,0,NoDisease,,Recheck,,,
12345678,Skyview ,Destiny,7/19/2024,7/19/2024 9:01,51,7/16/2024,3,101.9,,0,0,0,0,0,0,1,1,,,,1,2,0,,0,2,Navel,,,Treatable,,
12345678,Skyview ,Destiny ,7/16/2024,7/16/2024 9:55,52,7/15/2024,1,101.5,,2,0,0,0,0,0,1,1,,,,0,2,0,,0,2,Navel,,,Treatable,,
12345678,Skyview ,Kenson,7/17/2024,7/17/2024 11:57,52,7/15/2024,2,102.5,,0,0,0,0,0,0,2,2,,,,1,1,0,,1,0,NoDisease,,Recheck,,,
12345678,Skyview,Kenson,7/18/2024,7/18/2024 10:33,52,7/15/2024,3,102.6,,0,0,0,0,0,0,2,2,,,,0,1,0,,1,0,NoDisease,,Recheck,,,
12345678,Skyview ,Destiny ,7/16/2024,7/16/2024 9:53,53,7/15/2024,1,102.2,,0,0,0,0,0,0,2,2,,,,1,2,0,,1,2,Navel,,,Treatable,,
12345678,Skyview ,Kenson,7/17/2024,7/17/2024 12:00,53,7/15/2024,2,101,,0,0,0,0,0,0,1,1,,,,1,0,0,,0,0,NoDisease,,,,,
12345678,Skyview,Kenson,7/18/2024,7/18/2024 10:34,53,7/15/2024,3,102.4,,0,0,0,0,0,0,2,2,,,,1,1,0,,1,0,NoDisease,,Recheck,,,
12345678,Skyview ,Destiny ,7/16/2024,7/16/2024 9:51,54,7/15/2024,1,101.3,,2,0,0,0,0,0,1,1,,,,2,2,0,,0,4,Diarrhea_Navel,,,Treatable,,
12345678,Skyview ,Kenson,7/17/2024,7/17/2024 11:59,54,7/15/2024,2,102.1,,0,0,0,0,0,0,2,2,,,,1,1,0,,1,0,NoDisease,,Recheck,,,
12345678,Skyview,Kenson,7/18/2024,7/18/2024 10:36,54,7/15/2024,3,101.9,,0,0,0,0,0,0,1,1,,,,1,1,0,,0,0,NoDisease,,,,,
12345678,Skyview ,Destiny ,7/16/2024,7/16/2024 9:49,55,7/15/2024,1,101.2,,0,0,0,0,0,0,1,1,,,,2,0,0,,0,2,Diarrhea,,,Treatable,,
12345678,Skyview ,Kenson,7/17/2024,7/17/2024 12:03,55,7/15/2024,2,102.1,,0,0,0,0,0,1,2,3,,,,1,0,0,,1,0,NoDisease,,Recheck,,,
12345678,Skyview,Kenson,7/18/2024,7/18/2024 10:39,55,7/15/2024,3,101.6,,0,0,0,0,0,0,1,1,,,,1,1,0,,0,0,NoDisease,,,,,
12345678,Skyview ,Destiny ,7/16/2024,7/16/2024 9:48,56,7/15/2024,1,101.4,,2,0,0,0,0,1,1,2,,,,1,2,0,,0,2,Navel,,,Treatable,,
12345678,Skyview ,Kenson,7/17/2024,7/17/2024 12:04,56,7/15/2024,2,102.1,,0,0,0,0,0,0,2,2,,,,0,0,,,1,0,NoDisease,,Recheck,,,
12345678,Skyview,Kenson,7/18/2024,7/18/2024 10:40,56,7/15/2024,3,101.5,,0,0,0,0,0,0,1,1,,,,0,1,0,,0,0,NoDisease,,,,,
12345678,Skyview,Kenson,7/12/2024,7/12/2024 9:52,57,7/11/2024,1,101.6,,3,2,0,0,0,0,1,1,,,,2,0,0,,0,2,Diarrhea,,,Treatable,,
12345678,Skyview,Kenson,7/13/2024,7/13/2024 8:47,57,7/11/2024,2,101,,0,0,0,0,0,0,1,1,,,,1,0,0,,0,0,NoDisease,,,,,
12345678,Skyview ,Destiny ,7/15/2024,7/15/2024 8:57,57,7/11/2024,4,99.6,,0,0,0,0,0,0,0,0,,,,1,0,0,,0,0,NoDisease,,,,,
12345678,Skyview,Kenson,7/12/2024,7/12/2024 9:54,58,7/11/2024,1,101,,1,0,0,0,0,0,1,1,,,,0,1,0,,0,0,NoDisease,,,,,
12345678,Skyview,Kenson,7/13/2024,7/13/2024 8:48,58,7/11/2024,2,102.3,,0,0,0,0,0,0,2,2,,,,0,1,0,,1,0,NoDisease,,Recheck,,,
12345678,Skyview ,Destiny ,7/15/2024,7/15/2024 9:36,58,7/11/2024,4,101.2,,0,0,0,0,0,0,1,1,,,,1,3,0,,0,2,Navel,,,Treatable,,
12345678,Skyview,Kenson,7/11/2024,7/11/2024 11:38,59,7/10/2024,1,101.3,,0,0,0,0,0,0,1,1,,,,2,1,0,,0,2,Diarrhea,,,Treatable,,
12345678,Skyview,Kenson,7/12/2024,7/12/2024 9:42,59,7/10/2024,2,101.7,,0,0,0,0,0,0,1,1,,,,1,1,0,,0,0,NoDisease,,,,,
12345678,Skyview,Kenson,7/13/2024,7/13/2024 8:52,59,7/10/2024,3,102.2,,0,0,0,0,0,1,2,3,,,,0,1,0,,1,0,NoDisease,,Recheck,,,
12345678,Skyview,Kenson,7/11/2024,7/11/2024 11:34,60,7/10/2024,1,102.1,,2,0,0,0,0,0,2,2,,,,0,0,0,,1,0,NoDisease,,Recheck,,,
12345678,Skyview,Kenson,7/12/2024,7/12/2024 9:40,60,7/10/2024,2,102,,1,0,0,0,0,1,2,3,,,,2,0,0,,1,2,Diarrhea,,,Treatable,,
12345678,Skyview,Kenson,7/13/2024,7/13/2024 8:53,60,7/10/2024,3,102.1,,0,0,0,0,0,0,2,2,,,,1,0,0,,1,0,NoDisease,,Recheck,,,
12345678,Skyview,Kenson,7/11/2024,7/11/2024 11:31,61,7/10/2024,1,100.8,,1,0,0,0,0,0,0,0,,,,0,0,0,,0,0,NoDisease,,,,,
12345678,Skyview,Kenson,7/12/2024,7/12/2024 9:32,61,7/10/2024,2,102.1,,0,0,0,0,0,0,2,2,,,,1,0,0,,1,0,NoDisease,,Recheck,,,
12345678,Skyview,Kenson,7/13/2024,7/13/2024 9:02,61,7/10/2024,3,101.4,,0,0,0,0,0,0,1,1,,,,0,0,0,,0,0,NoDisease,,,,,
12345678,Skyview,Kenson,7/11/2024,7/11/2024 11:36,62,7/10/2024,1,100.6,,3,1,0,0,0,0,0,0,,,,1,0,0,,0,0,NoDisease,,,,,
12345678,Skyview,Kenson,7/12/2024,7/12/2024 9:38,62,7/10/2024,2,101.9,,1,1,0,0,0,0,1,1,,,,1,1,0,,0,0,NoDisease,,,,,
12345678,Skyview,Kenson,7/13/2024,7/13/2024 8:55,62,7/10/2024,3,102.3,,0,0,0,0,0,0,2,2,,,,1,0,0,,1,0,NoDisease,,Recheck,,,
12345678,Skyview,Kenson,7/11/2024,7/11/2024 11:32,63,7/10/2024,1,101.5,,2,0,0,0,0,0,1,1,,,,1,1,0,,0,0,NoDisease,,,,,
12345678,Skyview,Kenson,7/12/2024,7/12/2024 9:36,63,7/10/2024,2,102.5,,0,0,0,0,0,0,2,2,,,,1,0,0,,1,0,NoDisease,,Recheck,,,
12345678,Skyview,Kenson,7/13/2024,7/13/2024 9:05,63,7/10/2024,3,101.4,,0,0,0,0,0,0,1,1,,,,0,0,0,,0,0,NoDisease,,,,,
12345678,Skyview,Kenson,7/11/2024,7/11/2024 11:29,64,7/10/2024,1,102.4,,0,0,0,0,0,0,2,2,,,,0,1,0,,1,0,NoDisease,,Recheck,,,
12345678,Skyview,Kenson,7/12/2024,7/12/2024 9:33,64,7/10/2024,2,102.5,,0,0,0,0,0,0,2,2,,,,0,1,0,,1,0,NoDisease,,Recheck,,,
12345678,Skyview,Kenson,7/13/2024,7/13/2024 9:03,64,7/10/2024,3,101.4,,0,0,0,0,0,0,1,1,,,,1,1,0,,0,0,NoDisease,,,,,
12345678,Skyview,Kenson,7/10/2024,7/10/2024 10:19,65,7/9/2024,1,102.1,,2,1,0,0,0,2,2,4,,,,1,0,0,,2,0,RespiratoryDisease,,,Treatable,,
12345678,Skyview,Kenson,7/11/2024,7/11/2024 11:26,65,7/9/2024,2,102.4,,0,0,0,0,0,0,2,2,,,,1,0,0,,1,0,NoDisease,,Recheck,,,
12345678,Skyview,Kenson,7/12/2024,7/12/2024 9:29,65,7/9/2024,3,102.9,,0,0,0,0,0,0,2,2,,,,1,1,0,,1,0,NoDisease,,Recheck,,,
12345678,Skyview ,Kenson,7/9/2024,7/9/2024 11:41,66,7/8/2024,1,101.6,,2,1,0,0,0,0,1,1,,,,2,0,0,,0,2,Diarrhea,,,Treatable,,
12345678,Skyview,Kenson,7/10/2024,7/10/2024 10:16,66,7/8/2024,2,102.5,,0,1,0,0,0,0,2,2,,,,1,0,0,did not consume pm feeding on 7/9,1,0,NoDisease,,Recheck,,,
12345678,Skyview,Kenson,7/11/2024,7/11/2024 11:21,66,7/8/2024,3,101.5,,0,0,0,0,0,0,1,1,,,,1,1,0,,0,0,NoDisease,,,,,
12345678,Skyview ,Kenson,7/9/2024,7/9/2024 11:39,67,7/8/2024,1,100.6,,1,0,0,0,0,0,0,0,,,,1,0,0,,0,0,NoDisease,,,,,
12345678,Skyview,Kenson,7/10/2024,7/10/2024 10:15,67,7/8/2024,2,100.8,,0,0,0,0,0,0,0,0,,,,1,0,1,did not consume pm feeding on 7/9,0,0,NoDisease,,,,,
12345678,Skyview,Kenson,7/11/2024,7/11/2024 11:19,67,7/8/2024,3,101.3,,0,0,0,0,0,0,1,1,,,,1,1,0,,0,0,NoDisease,,,,,
12345678,Skyview ,Kenson,7/9/2024,7/9/2024 11:31,68,7/8/2024,1,101.3,,0,0,1,0,0,1,1,3,,,,0,0,0,,0,0,NoDisease,,,,,
12345678,Skyview,Kenson,7/10/2024,7/10/2024 10:04,68,7/8/2024,2,102.5,,0,0,0,0,0,0,2,2,,,,1,0,0,did not consume pm feeding on 7/9,1,0,NoDisease,,Recheck,,,
12345678,Skyview,Kenson,7/11/2024,7/11/2024 11:15,68,7/8/2024,3,102.5,,0,0,0,0,0,0,2,2,,,,1,1,0,,1,0,NoDisease,,Recheck,,,
12345678,Skyview ,Kenson,7/9/2024,7/9/2024 11:22,69,7/8/2024,1,100.7,,2,2,0,0,0,0,0,0,,,,1,1,0,,0,0,NoDisease,,,,,
12345678,Skyview,Kenson,7/10/2024,7/10/2024 10:02,69,7/8/2024,2,101.5,,0,0,0,0,0,0,1,1,,,,1,1,0,did not consume pm feeding on 7/9,0,0,NoDisease,,,,,
12345678,Skyview,Kenson,7/11/2024,7/11/2024 11:13,69,7/8/2024,3,101.5,,0,0,0,0,0,0,1,1,,,,0,1,0,,0,0,NoDisease,,,,,
12345678,Skyview ,Kenson,7/9/2024,7/9/2024 11:10,70,7/8/2024,1,100.8,,0,0,0,0,0,0,0,0,,,,1,0,0,,0,0,NoDisease,,,,,
12345678,Skyview,Kenson,7/10/2024,7/10/2024 9:54,70,7/8/2024,2,101.4,,0,0,0,0,0,0,1,1,,,,1,0,0,,0,0,NoDisease,,,,,
12345678,Skyview,Kenson,7/11/2024,7/11/2024 9:09,70,7/8/2024,3,101,,0,0,0,0,0,0,1,1,,,,1,0,0,,0,0,NoDisease,,,,,
12345678,Skyview ,Kenson,7/9/2024,7/9/2024 11:13,71,7/8/2024,1,101.4,,1,0,0,0,0,0,1,1,,,,1,1,0,,0,0,NoDisease,,,,,
12345678,Skyview,Kenson,7/10/2024,7/10/2024 9:58,71,7/8/2024,2,102.7,,0,0,0,0,0,0,2,2,,,,1,1,0,,1,0,NoDisease,,Recheck,,,
12345678,Skyview,Kenson,7/11/2024,7/11/2024 11:09,71,7/8/2024,3,102.2,,0,0,0,0,0,0,2,2,,,,0,1,0,,1,0,NoDisease,,Recheck,,,
12345678,Skyview ,Bela,7/5/2024,7/5/2024 9:27,72,7/4/2024,1,101.1,,3,0,0,0,0,0,1,1,,,,2,0,0,,0,2,Diarrhea,,,Treatable,,
12345678,Skyview ,Bela,7/6/2024,7/6/2024 8:56,72,7/4/2024,2,102.5,,0,0,0,0,0,0,2,2,,,,1,1,0,,1,0,NoDisease,,Recheck,,,
12345678,Skyview ,Bela,7/7/2024,7/7/2024 8:57,72,7/4/2024,3,99,,0,0,0,0,0,0,0,0,,,,1,1,0,,0,0,NoDisease,,,,,
12345678,Skyview ,Bela,7/5/2024,7/5/2024 9:25,73,7/4/2024,1,100.8,,1,0,0,0,0,0,0,0,,,,2,0,0,,0,2,Diarrhea,,,Treatable,,
12345678,Skyview ,Bela,7/6/2024,7/6/2024 8:54,73,7/4/2024,2,101,,0,0,0,0,0,0,1,1,,,,1,0,0,,0,0,NoDisease,,,,,
12345678,Skyview ,Bela,7/7/2024,7/7/2024 8:54,73,7/4/2024,3,100.4,,0,0,0,0,0,0,0,0,,,,1,0,0,,0,0,NoDisease,,,,,
12345678,Skyview ,Bela,7/5/2024,7/5/2024 9:23,74,7/4/2024,1,100.2,,0,0,0,0,0,0,0,0,,,,1,0,0,,0,0,NoDisease,,,,,
12345678,Skyview ,Bela,7/6/2024,7/6/2024 8:51,74,7/4/2024,2,101.2,,0,0,0,0,0,0,1,1,,,,1,0,0,,0,0,NoDisease,,,,,
12345678,Skyview ,Bela,7/7/2024,7/7/2024 8:50,74,7/4/2024,3,100.6,,0,0,0,0,0,0,0,0,,,,1,0,0,,0,0,NoDisease,,,,,
12345678,Skyview ,Bela,7/4/2024,7/4/2024 9:02,75,7/3/2024,1,100.7,,0,0,1,0,0,0,0,1,,,,2,0,0,,0,2,Diarrhea,,,Treatable,,
12345678,Skyview ,Bela,7/5/2024,7/5/2024 9:21,75,7/3/2024,2,102.4,,0,0,0,0,0,0,2,2,,,,1,0,0,,1,0,NoDisease,,Recheck,,,
12345678,Skyview ,Bela,7/6/2024,7/6/2024 8:48,75,7/3/2024,3,102.3,,0,0,0,0,0,0,2,2,,,,1,0,0,,1,0,NoDisease,,Recheck,,,
12345678,Skyview ,Bela,7/4/2024,7/4/2024 9:01,76,7/3/2024,1,100.7,,0,0,0,0,0,0,0,0,,,,2,0,0,,0,2,Diarrhea,,,Treatable,,
12345678,Skyview ,Bela,7/5/2024,7/5/2024 9:18,76,7/3/2024,2,100.2,,0,0,0,0,0,0,0,0,,,,1,0,0,,0,0,NoDisease,,,,,
12345678,Skyview ,Bela,7/6/2024,7/6/2024 8:43,76,7/3/2024,3,99.7,,0,0,0,0,0,0,0,0,,,,1,0,0,,0,0,NoDisease,,,,,
12345678,Skyview ,Bela,7/4/2024,7/4/2024 9:00,77,7/3/2024,1,101,,3,0,0,0,0,0,1,1,,,,1,0,0,,0,0,NoDisease,,,,,
12345678,Skyview ,Bela,7/5/2024,7/5/2024 9:19,77,7/3/2024,2,99.4,,0,0,0,0,0,0,0,0,,,,1,0,0,,0,0,NoDisease,,,,,
12345678,Skyview ,Bela,7/6/2024,7/6/2024 8:46,77,7/3/2024,3,100.9,,0,0,0,0,0,0,0,0,,,,1,1,0,,0,0,NoDisease,,,,,
12345678,Skyview ,Bela,7/4/2024,7/4/2024 8:58,78,7/3/2024,1,101.5,,0,0,0,0,0,0,1,1,,,,1,0,0,,0,0,NoDisease,,,,,
12345678,Skyview ,Bela,7/5/2024,7/5/2024 8:54,78,7/3/2024,2,99.9,,0,0,0,0,0,0,0,0,,,,1,0,0,,0,0,NoDisease,,,,,
12345678,Skyview ,Bela,7/6/2024,7/6/2024 8:38,78,7/3/2024,3,101.3,,3,0,0,0,0,0,1,1,,,,1,0,0,,0,0,NoDisease,,,,,
12345678,Skyview ,Destiny,7/3/2024,7/3/2024 8:27,79,7/2/2024,1,101.8,,2,0,0,0,0,0,1,1,,,,2,0,0,,0,2,Diarrhea,,,Treatable,,
12345678,Skyview ,Bela,7/4/2024,7/4/2024 8:57,79,7/2/2024,2,101.6,,0,0,0,0,0,0,1,1,,,,2,0,0,,0,2,Diarrhea,,,Treatable,,
12345678,Skyview ,Bela,7/5/2024,7/5/2024 9:09,79,7/2/2024,3,101.7,,0,0,0,0,0,0,1,1,,,,1,0,0,,0,0,NoDisease,,,,,
12345678,Skyview ,Destiny,7/3/2024,7/3/2024 8:26,80,7/2/2024,1,100.7,,0,0,0,0,0,0,0,0,,,,1,1,0,,0,0,NoDisease,,,,,
12345678,Skyview ,Bela,7/4/2024,7/4/2024 8:56,80,7/2/2024,2,102.2,,0,0,0,0,0,0,2,2,,,,2,1,0,,1,2,Diarrhea,,,Treatable,,
12345678,Skyview ,Bela,7/5/2024,7/5/2024 9:07,80,7/2/2024,3,101.3,,0,0,0,0,0,0,1,1,,,,0,0,0,,0,0,NoDisease,,,,,
12345678,Skyview ,Destiny,7/3/2024,7/3/2024 8:21,81,7/2/2024,1,101.5,,0,0,0,0,0,0,1,1,,,,0,0,0,,0,0,NoDisease,,,,,
12345678,Skyview ,Bela,7/4/2024,7/4/2024 8:53,81,7/2/2024,2,102.4,,0,0,0,0,0,0,2,2,,,,1,1,0,,1,0,NoDisease,,Recheck,,,
12345678,Skyview ,Bela,7/5/2024,7/5/2024 8:59,81,7/2/2024,3,101.8,,0,0,0,0,0,0,1,1,,,,1,0,0,,0,0,NoDisease,,,,,
12345678,Skyview,Destiny,7/3/2024,7/3/2024 8:24,82,7/2/2024,1,101.8,,0,0,0,0,0,0,1,1,,,,1,0,0,,0,0,NoDisease,,,,,
12345678,Skyview ,Bela,7/4/2024,7/4/2024 8:54,82,7/2/2024,2,102.4,,0,0,0,0,0,0,2,2,,,,2,1,0,,1,2,Diarrhea,,,Treatable,,
12345678,Skyview ,Bela,7/5/2024,7/5/2024 8:57,82,7/2/2024,3,101.4,,0,0,0,0,0,0,1,1,,,,1,0,0,,0,0,NoDisease,,,,,
12345678,Skyview ,Kenson,7/2/2024,7/2/2024 9:15,83,7/1/2024,1,101.2,,0,0,0,0,0,1,1,2,,,,2,0,0,,0,2,Diarrhea,,,Treatable,,
12345678,Skyview ,Destiny,7/3/2024,7/3/2024 8:19,83,7/1/2024,2,102,,0,0,0,0,0,0,2,2,,,,1,1,0,,1,0,NoDisease,,Recheck,,,
12345678,Skyview ,Bela,7/4/2024,7/4/2024 8:50,83,7/1/2024,3,102,,0,0,0,0,0,0,2,2,,,,1,0,0,,1,0,NoDisease,,Recheck,,,
12345678,Skyview ,Kenson,7/2/2024,7/2/2024 9:23,84,7/1/2024,1,101.2,,2,0,1,0,0,0,1,2,,,,0,1,0,,0,0,NoDisease,,,,,
12345678,Skyview ,Destiny,7/2/2024,7/3/2024 8:18,84,7/1/2024,2,102.5,,0,0,0,0,0,0,2,2,,,,3,1,0,7/3 score,1,2,Diarrhea,,,Treatable,,
12345678,Skyview ,Bela,7/4/2024,7/4/2024 8:49,84,7/1/2024,3,102.1,,0,0,0,0,0,0,2,2,,,,1,0,0,,1,0,NoDisease,,Recheck,,,
12345678,Skyview ,Kenson ,6/27/2024,6/27/2024 9:28,85,6/26/2024,1,101,,0,0,0,0,0,1,1,2,,,,1,0,0,,0,0,NoDisease,,,,,
12345678,Skyview ,Kenson ,6/28/2024,6/28/2024 10:06,85,6/26/2024,2,101.8,,0,0,0,0,0,0,1,1,,,,1,0,0,,0,0,NoDisease,,,,,
12345678,Skyview ,Kenson ,6/29/2024,6/29/2024 7:27,85,6/26/2024,3,101.7,,0,0,0,0,0,0,1,1,,,,1,1,0,,0,0,NoDisease,,,,,
12345678,Skyview ,Kenson ,6/27/2024,6/27/2024 9:26,86,6/26/2024,1,100.8,,1,0,0,0,0,0,0,0,,,,1,0,0,,0,0,NoDisease,,,,,
12345678,Skyview ,Kenson ,6/28/2024,6/28/2024 10:09,86,6/26/2024,2,101.7,,0,0,0,0,0,0,1,1,,,,1,0,0,,0,0,NoDisease,,,,,
12345678,Skyview ,Kenson ,6/29/2024,6/29/2024 7:27,86,6/26/2024,3,101.8,,0,0,0,0,0,0,1,1,,,,1,0,0,,0,0,NoDisease,,,,,
12345678,Skyview ,Kenson ,6/27/2024,6/27/2024 9:27,87,6/26/2024,1,100.9,,0,0,0,0,0,0,0,0,,,,1,1,0,,0,0,NoDisease,,,,,
12345678,Skyview ,Kenson ,6/28/2024,6/28/2024 10:11,87,6/26/2024,2,101.5,,0,0,0,0,0,0,1,1,,,,1,1,0,did not consume pm feeding on 6/27,0,0,NoDisease,,,,,
12345678,Skyview ,Kenson ,6/29/2024,6/29/2024 7:26,87,6/26/2024,3,101.7,,0,0,0,0,0,0,1,1,,,,0,1,0,,0,0,NoDisease,,,,,
12345678,Skyview,Bela,6/26/2024,6/26/2024 9:15,88,6/25/2024,1,101.4,,0,0,0,0,0,0,1,1,,,,1,0,0,,0,0,NoDisease,,,,,
12345678,Skyview ,Kenson ,6/27/2024,6/27/2024 9:24,88,6/25/2024,2,101.8,,0,0,0,0,0,0,1,1,,,,1,0,0,,0,0,NoDisease,,,,,
12345678,Skyview ,Kenson ,6/28/2024,6/28/2024 10:16,88,6/25/2024,3,101.4,,0,0,0,0,0,0,1,1,,,,1,0,0,,0,0,NoDisease,,,,,
12345678,Skyview,Kenson,6/25/2024,6/25/2024 10:11,89,6/24/2024,1,101.2,,0,0,0,0,0,0,1,1,,,,0,0,0,,0,0,NoDisease,,,,,
12345678,Skyview,Bela,6/26/2024,6/26/2024 9:21,89,6/24/2024,2,101.4,,0,0,0,0,0,0,1,1,,,,1,1,0,did not consume pm feeding. on 6/25,0,0,NoDisease,,,,,
12345678,Skyview ,Kenson ,6/27/2024,6/27/2024 9:39,89,6/24/2024,3,101.8,,0,0,0,0,0,0,1,1,,,,0,1,0,,0,0,NoDisease,,,,,
12345678,Skyview,Bela,6/26/2024,6/26/2024 9:16,90,6/25/2024,1,101.8,,1,0,0,0,0,0,1,1,,,,1,0,0,,0,0,NoDisease,,,,,
12345678,Skyview ,Kenson ,6/27/2024,6/27/2024 9:22,90,6/25/2024,2,101.1,,0,0,0,0,0,0,1,1,,,,1,1,0,,0,0,NoDisease,,,,,
12345678,Skyview ,Kenson ,6/28/2024,6/28/2024 10:14,90,6/25/2024,3,101.4,,0,0,0,0,0,0,1,1,,,,1,0,0,,0,0,NoDisease,,,,,
12345678,Skyview,Kenson,6/25/2024,6/25/2024 10:17,91,6/24/2024,1,101.2,,0,0,0,0,0,0,1,1,,,,1,0,0,,0,0,NoDisease,,,,,
12345678,Skyview,Bela,6/26/2024,6/26/2024 9:27,91,6/24/2024,2,101.2,,0,0,0,0,0,0,1,1,,,,1,0,0,did not consume pm feeding on 6/25,0,0,NoDisease,,,,,
12345678,Skyview ,Kenson ,6/27/2024,6/27/2024 9:32,91,6/24/2024,3,101.8,,0,0,0,0,0,0,1,1,,,,1,0,0,,0,0,NoDisease,,,,,
12345678,Skyview,Kenson,6/25/2024,6/25/2024 10:13,92,6/24/2024,1,101.2,,3,0,0,0,0,0,1,1,,,,2,0,0,,0,2,Diarrhea,,,Treatable,,
12345678,Skyview,Bela,6/26/2024,6/26/2024 9:18,92,6/24/2024,2,103.5,,2,1,0,0,1,0,3,4,,,,2,0,0,Treated, did not consume pm feeding on 6/25, drank 3/4 of bottle 6/26 AM,1,2,ElevatedTemperature_Diarrhea,,,Treatable
12345678,Skyview ,Kenson ,6/27/2024,6/27/2024 9:44,92,6/24/2024,3,101.7,,0,0,0,0,0,0,1,1,,,,1,1,0,,0,0,NoDisease,,,,,
12345678,Skyview,Kenson,6/25/2024,6/25/2024 10:15,93,6/24/2024,1,101.6,,0,0,0,0,0,0,1,1,,,,1,0,0,,0,0,NoDisease,,,,,
12345678,Skyview,Bela,6/26/2024,6/26/2024 9:26,93,6/24/2024,2,102.1,,0,0,0,0,0,0,2,2,,,,2,0,0,,1,2,Diarrhea,,,Treatable,,
12345678,Skyview ,Kenson ,6/27/2024,6/27/2024 9:35,93,6/24/2024,3,102.2,,0,0,0,0,0,0,2,2,,,,2,1,0,,1,2,Diarrhea,,,Treatable,,
12345678,Skyview,Kenson,6/25/2024,6/25/2024 10:14,94,6/24/2024,1,101.5,,2,0,0,0,0,0,1,1,,,,1,0,0,,0,0,NoDisease,,,,,
12345678,Skyview,Bela,6/26/2024,6/26/2024 9:19,94,6/24/2024,2,102,,1,0,0,0,0,0,2,2,,,,2,0,0,did not consume pm feeding on 6/26,1,2,Diarrhea,,,Treatable,,
12345678,Skyview ,Kenson ,6/27/2024,6/27/2024 9:46,94,6/24/2024,3,102.2,,0,0,0,0,0,0,2,2,,,,1,0,0,,1,0,NoDisease,,Recheck,,,
12345678,Skyview,Kenson,6/25/2024,6/25/2024 10:09,95,6/24/2024,1,101.1,,3,0,0,0,0,0,1,1,,,,1,0,0,,0,0,NoDisease,,,,,
12345678,Skyview,Bela,6/26/2024,6/26/2024 9:23,95,6/24/2024,2,101.5,,0,0,0,0,0,0,1,1,,,,1,0,0,did not consume pm feeding on 6/26,0,0,NoDisease,,,,,
12345678,Skyview ,Kenson ,6/27/2024,6/27/2024 9:41,95,6/24/2024,3,101.3,,0,0,0,0,0,0,1,1,,,,1,0,0,,0,0,NoDisease,,,,,
12345678,Skyview,Kenson,6/25/2024,6/25/2024 10:08,96,6/24/2024,1,101.1,,3,0,0,0,0,0,1,1,,,,1,0,0,,0,0,NoDisease,,,,,
12345678,Skyview,Bela,6/26/2024,6/26/2024 9:24,96,6/24/2024,2,101.8,,0,0,0,0,0,0,1,1,,,,1,0,0,,0,0,NoDisease,,,,,
12345678,Skyview ,Kenson ,6/27/2024,6/27/2024 9:37,96,6/24/2024,3,101.2,,0,0,0,0,0,0,1,1,,,,1,1,0,,0,0,NoDisease,,,,,
12345678,Skyview,Bela,6/21/2024,6/21/2024 9:25,97,6/20/2024,1,101,,3,1,0,0,0,0,1,1,,,,2,0,0,,0,2,Diarrhea,,,Treatable,,
12345678,Skyview,Bela,6/22/2024,6/22/2024 9:41,97,6/20/2024,2,102.1,,0,0,0,0,0,0,2,2,,,,1,0,0,,1,0,NoDisease,,Recheck,,,
12345678,Skyview,Bela,6/23/2024,6/23/2024 9:46,97,6/20/2024,3,101.8,,0,0,0,0,0,0,1,1,,,,1,0,0,,0,0,NoDisease,,,,,
12345678,Skyview,Bela,6/21/2024,6/21/2024 9:28,98,6/20/2024,1,100.8,,3,0,0,0,0,0,0,0,,,,1,0,0,,0,0,NoDisease,,,,,
12345678,Skyview,Bela,6/22/2024,6/22/2024 9:38,98,6/20/2024,2,100.8,,0,0,0,0,0,0,0,0,,,,1,0,0,,0,0,NoDisease,,,,,
12345678,Skyview,Bela,6/23/2024,6/23/2024 9:42,98,6/20/2024,3,101.7,,0,0,0,0,0,0,1,1,,,,1,0,0,,0,0,NoDisease,,,,,
12345678,NexGen,Bela,6/20/2024,6/20/2024 8:40,99,6/19/2024,1,101.5,,0,0,0,0,0,2,1,3,,,,2,0,0,when feeding was struggling to breathe a bit and was wheezy ,1,2,Cough_Diarrhea,,,Treatable,,
12345678,Skyview,Bela,6/21/2024,6/21/2024 9:34,99,6/19/2024,2,101.6,,0,0,0,0,0,0,1,1,,,,1,0,0,,0,0,NoDisease,,,,,
12345678,Skyview,Bela,6/22/2024,6/22/2024 9:45,99,6/19/2024,3,100,,0,0,0,0,0,0,0,0,,,,1,0,0,,0,0,NoDisease,,,,,
12345678,NexGen,Bela,6/20/2024,6/20/2024 8:38,100,6/19/2024,1,101.2,,0,0,0,0,0,0,1,1,,,,1,1,0,,0,0,NoDisease,,,,,
12345678,Skyview,Bela,6/21/2024,6/21/2024 9:31,100,6/19/2024,2,101.9,,0,0,0,0,0,0,1,1,,,,1,0,0,,0,0,NoDisease,,,,,
12345678,Skyview,Bela,6/22/2024,6/22/2024 9:37,100,6/19/2024,3,101.8,,0,0,0,0,0,0,1,1,,,,1,1,0,,0,0,NoDisease,,,,,
12345678,Skyview ,Destiny ,6/19/2024,6/19/2024 8:57,101,6/17/2024,2,100.9,,3,0,0,0,0,0,0,0,,,,2,0,0,,0,2,Diarrhea,,,Treatable,,
12345678,Skyview ,Destiny ,6/20/2024,6/20/2024 8:34,101,6/17/2024,3,101.8,,2,2,0,0,0,0,1,1,,,,0,0,0,,0,0,NoDisease,,,,,
12345678,Skyview ,Bela,6/18/2024,6/18/2024 9:24,102,6/17/2024,1,101.4,,0,0,0,0,0,0,1,1,,,,0,0,0,ate everything but 250 ml,0,0,NoDisease,,,,,
12345678,Skyview ,Destiny ,6/19/2024,6/19/2024 8:55,102,6/17/2024,2,101.8,,0,0,0,0,0,0,1,1,,,,1,0,0,,0,0,NoDisease,,,,,
12345678,NexGen,Bela,6/20/2024,6/20/2024 8:42,102,6/17/2024,3,100.4,,0,0,0,0,0,1,0,1,,,,1,0,0,,0,0,NoDisease,,,,,
12345678,Skyview ,Bela,6/18/2024,6/18/2024 9:22,103,6/17/2024,1,100.7,,0,0,0,0,0,0,0,0,,,,1,0,0,,0,0,NoDisease,,,,,
12345678,Skyview ,Destiny ,6/19/2024,6/19/2024 8:54,103,6/17/2024,2,101.8,,0,0,0,0,0,0,1,1,,,,0,1,0,,0,0,NoDisease,,,,,
12345678,Skyview ,Kenson,6/7/2024,8/8/2024 9:38,104,6/5/2024,2,100.4,,0,0,0,0,0,0,0,0,,,,1,0,0,,,,,,,,,
12345678,Skyview ,Kenson,6/8/2024,8/8/2024 9:38,104,6/5/2024,3,102.1,,0,0,0,0,0,0,2,2,,,,1,0,0,,,,,,,,,
12345678,Skyview ,Bela,6/18/2024,6/18/2024 9:20,105,6/17/2024,1,101.5,,0,0,0,0,0,0,1,1,,,,2,0,0,,0,2,Diarrhea,,,Treatable,,
12345678,Skyview ,Destiny ,6/19/2024,6/19/2024 8:52,105,6/17/2024,2,101.8,,0,0,0,0,0,0,1,1,,,,2,0,0,,0,2,Diarrhea,,,Treatable,,
12345678,NexGen,Bela,6/20/2024,6/20/2024 8:44,105,6/17/2024,3,101.1,,0,0,0,0,0,0,1,1,,,,1,0,0,,0,0,NoDisease,,,,,
12345678,Skyview ,Destiny,6/14/2024,6/14/2024 10:20,106,6/13/2024,1,101.3,,0,0,0,0,0,0,1,1,,,,0,0,0,,0,0,NoDisease,,,,,
12345678,Skyview ,Destiny,6/15/2024,6/15/2024 9:39,106,6/13/2024,2,101.1,,0,0,0,0,0,0,1,1,,,,2,0,0,,0,2,Diarrhea,,,Treatable,,
12345678,Skyview ,Destiny,6/16/2024,6/16/2024 8:53,106,6/13/2024,3,101.8,,0,0,0,0,0,0,1,1,,,,1,0,0,,0,0,NoDisease,,,,,
12345678,Skyview ,Destiny,6/14/2024,6/14/2024 10:19,107,6/13/2024,1,101.4,,0,0,0,0,0,0,1,1,,,,1,0,0,,0,0,NoDisease,,,,,
12345678,Skyview ,Destiny,6/15/2024,6/15/2024 9:36,107,6/13/2024,2,101.8,,0,0,0,0,0,0,1,1,,,,2,2,0,,0,4,Diarrhea_Navel,,,Treatable,,
12345678,Skyview ,Destiny,6/16/2024,6/16/2024 8:49,107,6/13/2024,3,101.8,,0,0,0,0,0,0,1,1,,,,1,3,0,,0,2,Navel,,,Treatable,,
12345678,Skyview ,Destiny,6/14/2024,6/14/2024 10:16,108,6/13/2024,1,99.9,,3,1,0,0,0,0,0,0,,,,2,0,0,only ate 1/4 ,0,2,Diarrhea,,,Treatable,,
12345678,Skyview ,Destiny,6/15/2024,6/15/2024 9:33,108,6/13/2024,2,102.4,,0,0,0,0,0,0,2,2,,,,1,0,0,,1,0,NoDisease,,Recheck,,,
12345678,Skyview ,Destiny,6/16/2024,6/16/2024 8:40,108,6/13/2024,3,101.7,,0,0,0,0,0,0,1,1,,,,1,0,0,,0,0,NoDisease,,,,,
12345678,Skyview ,Destiny,6/14/2024,6/14/2024 10:15,109,6/13/2024,1,101.2,,3,2,0,0,0,0,1,1,,,,0,3,0,did not eat anything ,0,2,Navel,,,Treatable,,
12345678,Skyview ,Destiny,6/15/2024,6/15/2024 9:33,109,6/13/2024,2,102.4,,0,0,0,0,0,0,2,2,,,,2,2,0,,1,4,Diarrhea_Navel,,,Treatable,,
12345678,Skyview ,Destiny,6/16/2024,6/16/2024 8:46,109,6/13/2024,3,100.8,,0,0,0,0,0,0,0,0,,,,1,1,0,,0,0,NoDisease,,,,,
12345678,Skyview ,Destiny,6/13/2024,6/13/2024 10:46,110,6/12/2024,1,101.2,,0,0,0,0,0,0,1,1,,,,2,0,0,,0,2,Diarrhea,,,Treatable,,
12345678,Skyview ,Destiny,6/14/2024,6/14/2024 10:12,110,6/12/2024,2,102.3,,1,0,0,0,0,0,2,2,,,,2,0,0,ate more than 3/4 ,1,2,Diarrhea,,,Treatable,,
12345678,Skyview ,Destiny,6/15/2024,6/15/2024 9:26,110,6/12/2024,3,101.5,,0,0,0,0,0,0,1,1,,,,1,0,0,,0,0,NoDisease,,,,,
12345678,Skyview ,Destiny,6/13/2024,6/13/2024 9:58,111,6/12/2024,1,101.4,,1,0,0,0,0,0,1,1,,,,1,0,0,see form for appetite, 600ml not consumed,0,0,NoDisease,,,,
12345678,Skyview ,Destiny,6/14/2024,6/14/2024 10:10,111,6/12/2024,2,102.5,,0,0,0,0,0,0,2,2,,,,1,0,0,,1,0,NoDisease,,Recheck,,,
12345678,Skyview ,Destiny,6/15/2024,6/15/2024 9:25,111,6/12/2024,3,102.4,,0,0,0,0,0,0,2,2,,,,0,0,0,,1,0,NoDisease,,Recheck,,,
12345678,Skyview ,Kenson,6/4/2024,8/8/2024 9:38,112,6/3/2024,1,101.2,,0,0,0,0,0,0,1,1,,,,1,1,0,,,,,,,,,
12345678,Skyview,Isabela,6/5/2024,8/9/2024 9:14,112,6/3/2024,2,102.1,,0,0,0,0,0,0,2,2,,,,1,0,0,,,,,,,,,
12345678,SkyView ,Destiny,6/12/2024,6/12/2024 9:34,113,6/11/2024,1,101,,2,0,0,0,0,0,1,1,,,,1,0,0,drank 3/4 of bottle,0,0,NoDisease,,,,,
12345678,Skyview ,Destiny,6/13/2024,6/13/2024 9:56,113,6/11/2024,2,101.2,,0,0,0,0,0,0,1,1,,,,1,0,0,,0,0,NoDisease,,,,,
12345678,Skyview ,Destiny,6/14/2024,6/14/2024 10:06,113,6/11/2024,3,102.7,,0,0,0,0,0,0,2,2,,,,1,0,0,,1,0,NoDisease,,Recheck,,,
12345678,SkyView ,Destiny,6/12/2024,6/12/2024 9:31,114,6/11/2024,1,100.9,,1,0,0,0,0,0,0,0,,,,1,0,0,,0,0,NoDisease,,,,,
12345678,Skyview ,Destiny,6/13/2024,6/13/2024 9:53,114,6/11/2024,2,101,,2,1,0,0,0,0,1,1,,,,1,0,0,drank 1/2 bottle,0,0,NoDisease,,,,,
12345678,Skyview ,Destiny,6/14/2024,6/14/2024 10:03,114,6/11/2024,3,101.6,,0,0,0,0,0,0,1,1,,,,1,0,0,,0,0,NoDisease,,,,,
12345678,SkyView ,Destiny,6/12/2024,6/12/2024 9:30,115,6/11/2024,1,100.2,,0,0,0,0,0,0,0,0,,,,0,0,0,,0,0,NoDisease,,,,,
12345678,Skyview ,Destiny,6/13/2024,6/13/2024 9:54,115,6/11/2024,2,101.4,,0,0,0,0,0,0,1,1,,,,1,1,0,,0,0,NoDisease,,,,,
12345678,Skyview ,Destiny,6/14/2024,6/14/2024 10:00,115,6/11/2024,3,102.4,,0,0,0,0,0,0,2,2,,,,1,3,0,showed Joanna the enlarged navel,1,2,Navel,,,Treatable,,
12345678,Skyview,Kenyon,6/11/2024,6/11/2024 10:21,116,6/10/2024,1,101.1,,0,0,0,0,0,0,1,1,,,,1,0,0,,0,0,NoDisease,,,,,
12345678,SkyView ,Destiny,6/12/2024,6/12/2024 9:27,116,6/10/2024,2,101.7,,0,0,0,0,0,0,1,1,,,,1,1,0,,0,0,NoDisease,,,,,
12345678,Skyview ,Destiny,6/13/2024,6/13/2024 9:34,116,6/10/2024,3,102.2,,0,0,0,0,0,0,2,2,,,,0,0,0,,1,0,NoDisease,,Recheck,,,
12345678,Skyview,Kenyon,6/11/2024,6/11/2024 10:17,117,6/10/2024,1,101.5,,0,0,0,0,0,0,1,1,,,,1,0,0,,0,0,NoDisease,,,,,
12345678,SkyView ,Destiny,6/12/2024,6/12/2024 9:26,117,6/10/2024,2,101.8,,0,0,0,0,0,0,1,1,,,,1,0,0,,0,0,NoDisease,,,,,
12345678,Skyview ,Destiny,6/13/2024,6/13/2024 9:33,117,6/10/2024,3,100.8,,0,0,0,0,0,0,0,0,,,,1,0,0,,0,0,NoDisease,,,,,
12345678,Skyview,Kenyon,6/11/2024,6/11/2024 10:16,118,6/10/2024,1,101.2,,0,0,0,0,0,0,1,1,,,,0,1,0,,0,0,NoDisease,,,,,
12345678,SkyView ,Destiny,6/12/2024,6/12/2024 9:22,118,6/10/2024,2,102.5,,0,0,0,0,0,0,2,2,,,,2,1,0,,1,2,Diarrhea,,,Treatable,,
12345678,Skyview ,Destiny,6/13/2024,6/13/2024 9:31,118,6/10/2024,3,102.7,,0,0,0,0,0,0,2,2,,,,1,1,0,,1,0,NoDisease,,Recheck,,,
12345678,Skyview,Kenyon,6/11/2024,6/11/2024 10:13,119,6/10/2024,1,101.5,,2,1,0,0,1,0,1,2,,,,1,0,0,,0,0,NoDisease,,,,,
12345678,Skyview ,Destiny,6/13/2024,6/13/2024 9:30,119,6/10/2024,3,101,,0,0,0,0,0,0,1,1,,,,1,0,0,,0,0,NoDisease,,,,,
12345678,Skyview,Kenyon,6/11/2024,6/11/2024 10:08,120,6/10/2024,1,101.3,,0,0,0,0,0,0,1,1,,,,1,0,0,,0,0,NoDisease,,,,,
12345678,SkyView ,Destiny,6/12/2024,6/12/2024 9:13,120,6/10/2024,2,102.2,,0,0,0,0,0,0,2,2,,,,1,0,0,,1,0,NoDisease,,Recheck,,,
12345678,Skyview ,Destiny,6/13/2024,6/13/2024 9:27,120,6/10/2024,3,102.1,,0,0,0,0,0,0,2,2,,,,2,1,0,,1,2,Diarrhea,,,Treatable,,
12345678,Skyview,Kenyon,6/11/2024,6/11/2024 10:10,121,6/10/2024,1,101.6,,0,0,0,0,0,0,1,1,,,,1,0,0,,0,0,NoDisease,,,,,
12345678,SkyView ,Destiny,6/12/2024,6/12/2024 9:18,121,6/10/2024,2,101.9,,0,0,0,0,0,0,1,1,,,,0,0,0,,0,0,NoDisease,,,,,
12345678,Skyview ,Destiny,6/13/2024,6/13/2024 9:29,121,6/10/2024,3,101.7,,0,0,0,0,0,0,1,1,,,,1,0,0,,0,0,NoDisease,,,,,
12345678,Skyview,Kenson,6/7/2024,8/9/2024 9:14,122,6/6/2024,1,101.7,,2,1,0,0,0,0,1,2,,,,1,0,0,,,,,,,,,
12345678,Skyview,Kenson,6/8/2024,8/9/2024 9:14,122,6/6/2024,2,102.6,,0,0,0,0,0,0,2,2,,,,1,0,0,,,,,,,,,
12345678,Skyview ,Kenson,6/9/2024,8/8/2024 9:38,122,6/6/2024,3,102.6,,0,0,0,0,0,0,2,2,,,,1,0,0,,,,,,,,,
12345678,Skyview ,Kenson,6/7/2024,8/8/2024 9:38,123,6/6/2024,1,101.5,,0,0,0,0,0,0,1,1,,,,1,0,0,,,,,,,,,
12345678,Skyview ,Kenson,6/8/2024,8/8/2024 9:38,123,6/6/2024,2,101.7,,0,0,0,0,0,0,1,1,,,,1,0,0,,,,,,,,,
12345678,Skyview,Kenson,6/9/2024,8/10/2024 8:48,123,6/6/2024,3,102.6,,0,0,0,0,0,0,2,2,,,,1,0,0,,,,,,,,,
12345678,Skyview,Kenson,6/7/2024,8/10/2024 8:48,124,6/5/2024,2,102.4,,1,1,0,0,0,0,2,3,,,,1,0,0,,,,,,,,,
12345678,Skyview,Kenson,6/8/2024,8/10/2024 8:48,124,6/5/2024,3,102.5,,0,0,0,0,0,0,2,2,,,,1,0,0,,,,,,,,,
12345678,Skyview,Isabela,6/4/2024,8/10/2024 8:48,125,6/3/2024,1,102.1,,0,0,0,0,1,0,2,3,,,,1,0,0,,,,,,,,,
12345678,Skyview ,Kenson,6/5/2024,8/8/2024 9:38,125,6/3/2024,2,102.3,,3,1,0,0,3,0,2,6,,,,2,0,0,,,,,,,,,
12345678,Skyview ,Destiny,8/8/2024,8/8/2024 9:38,126,8/7/2024,1,100.4,,0,0,0,0,0,0,0,0,,,,2,0,0,,0,2,Diarrhea,,,Treatable,,
12345678,Skyview,Kenson,8/9/2024,8/9/2024 9:16,126,8/7/2024,2,101.3,,0,0,0,0,0,0,1,1,,,,1,1,0,,0,0,NoDisease,,,,,
12345678,Skyview,Kenson,8/10/2024,8/10/2024 8:50,126,8/7/2024,3,101.8,,0,0,0,0,0,0,1,1,,,,1,0,0,,0,0,NoDisease,,,,,
12345678,Skyview ,Destiny,8/8/2024,8/8/2024 9:38,127,8/7/2024,1,100.8,,0,0,0,0,0,0,0,0,,,,2,0,0,,0,2,Diarrhea,,,Treatable,,
12345678,Skyview,Kenson,8/9/2024,8/9/2024 9:17,127,8/7/2024,2,101.9,,0,0,0,0,0,0,1,1,,,,1,0,0,,0,0,NoDisease,,,,,
12345678,Skyview,Kenson,8/10/2024,8/10/2024 8:53,127,8/7/2024,3,101.6,,0,0,0,0,0,0,1,1,,,,1,0,0,,0,0,NoDisease,,,,,
12345678,Skyview ,Destiny,8/8/2024,8/8/2024 9:39,128,8/7/2024,1,101,,3,1,0,0,0,0,1,1,,,,3,0,1,,0,2,Diarrhea,,,Treatable,,
12345678,Skyview ,Destiny,8/9/2024,8/9/2024 9:11,128,8/7/2024,2,100.5,,0,0,0,0,0,0,0,0,,,,1,0,0,,0,0,NoDisease,,,,,
12345678,Skyview,Kenson,8/10/2024,8/10/2024 8:56,128,8/7/2024,3,101,,0,0,0,0,0,0,1,1,,,,0,1,0,,0,0,NoDisease,,,,,
12345678,SkyView ,Destiny,6/12/2024,6/12/2024 9:20,191,6/10/2024,2,101.2,,0,0,0,0,0,0,1,1,,,,1,0,0,calf 119,0,0,NoDisease,,,,,
12345678,Skyview,Kenson,7/11/2024,7/11/2024 10:08,1133,7/9/2024,2,101.9,,0,0,0,0,0,0,1,1,,,,2,0,0,,0,2,Diarrhea,,,Treatable,,
12345678,Skyview,Kenyon,6/11/2024,6/11/2024 10:24,11269,6/10/2024,1,101,,2,0,0,0,0,0,1,1,,,,1,0,0,drank 2/3 of bottle,0,0,NoDisease,,,,,
12345678,SkyView ,Destiny,6/12/2024,6/12/2024 9:08,11269,6/10/2024,2,101.8,,0,0,0,0,0,0,1,1,,,,3,0,0,,0,2,Diarrhea,,,Treatable,,
12345678,Skyview ,Destiny,6/13/2024,6/13/2024 9:21,11269,6/10/2024,3,102.1,,0,0,0,0,0,0,2,2,,,,1,0,0,,1,0,NoDisease,,Recheck,,,
12345678,SkyView ,Destiny,6/12/2024,6/12/2024 9:10,11272,6/11/2024,1,101,,3,1,0,0,0,0,1,1,,,,2,0,0,,0,2,Diarrhea,,,Treatable,,
12345678,Skyview ,Destiny,6/13/2024,6/13/2024 9:23,11272,6/11/2024,2,101.4,,0,0,0,0,0,0,1,1,,,,0,0,0,,0,0,NoDisease,,,,,
12345678,Skyview ,Destiny,6/14/2024,6/14/2024 9:52,11272,6/11/2024,3,101.6,,0,0,0,0,0,0,1,1,,,,1,0,0,,0,0,NoDisease,,,,,
12345678,Skyview ,Destiny,6/13/2024,6/13/2024 9:25,11275,6/12/2024,1,101.3,,1,0,0,0,0,0,1,1,,,,1,0,0,drank over half,0,0,NoDisease,,,,,
12345678,Skyview ,Destiny,6/14/2024,6/14/2024 9:55,11275,6/12/2024,2,101.2,,0,0,0,0,0,0,1,1,,,,1,0,0,,0,0,NoDisease,,,,,
12345678,Skyview ,Destiny,6/15/2024,6/15/2024 9:41,11275,6/12/2024,3,102.1,,0,0,0,0,0,0,2,2,,,,1,0,0,,1,0,NoDisease,,Recheck,,,
12345678,Skyview ,Bela,6/18/2024,6/18/2024 9:15,11284,6/17/2024,1,101.8,,2,0,0,0,0,0,1,1,,,,1,0,0,,0,0,NoDisease,,,,,
12345678,Skyview ,Destiny ,6/19/2024,6/19/2024 8:48,11284,6/17/2024,2,101.3,,0,0,0,0,0,0,1,1,,,,1,0,0,,0,0,NoDisease,,,,,
12345678,Skyview,Bela,6/20/2024,6/20/2024 11:13,11284,6/17/2024,3,,,0,0,0,0,0,0,1,1,,,,1,0,0,,0,0,NoDisease,,,,,
12345678,NexGen,Bela,6/20/2024,6/20/2024 8:36,11289,6/19/2024,1,101.3,,3,0,0,0,0,0,1,1,,,,0,0,0,ate 1/4 bottle,0,0,NoDisease,,,,,
12345678,Skyview,Bela,6/21/2024,6/21/2024 9:19,11289,6/19/2024,2,101,,0,0,0,0,0,0,1,1,,,,0,0,0,,0,0,NoDisease,,,,,
12345678,Skyview,Bela,6/22/2024,6/22/2024 9:24,11289,6/19/2024,3,100.1,,0,0,0,0,0,0,0,0,,,,0,0,0,,0,0,NoDisease,,,,,
12345678,Skyview,Bela,6/21/2024,6/21/2024 9:21,11290,6/20/2024,1,100.8,,0,0,0,0,0,0,0,0,,,,1,0,0,,0,0,NoDisease,,,,,
12345678,Skyview,Bela,6/22/2024,6/22/2024 9:29,11290,6/20/2024,2,101.4,,0,0,0,0,0,0,1,1,,,,1,0,0,,0,0,NoDisease,,,,,
12345678,Skyview,Bela,6/23/2024,6/23/2024 9:38,11290,6/20/2024,3,102.1,,0,0,0,0,0,0,2,2,,,,1,0,0,,1,0,NoDisease,,Recheck,,,
12345678,Skyview ,Kenson ,6/27/2024,6/27/2024 9:30,11305,6/26/2024,1,101.8,,1,0,0,0,0,0,1,1,,,,1,1,0,,0,0,NoDisease,,,,,
12345678,Skyview ,Kenson ,6/28/2024,6/28/2024 10:04,11305,6/26/2024,2,100.8,,0,0,0,0,0,0,0,0,,,,1,0,0,,0,0,NoDisease,,,,,
12345678,Skyview ,Kenson ,6/29/2024,6/29/2024 7:26,11305,6/26/2024,3,101.2,,0,0,0,0,0,0,1,1,,,,0,0,0,,0,0,NoDisease,,,,,
12345678,Skyview ,Kenson,7/9/2024,7/9/2024 11:07,11331,7/8/2024,1,101.6,,0,0,0,0,0,0,1,1,,,,0,0,0,,0,0,NoDisease,,,,,
12345678,Skyview,Kenson,7/10/2024,7/10/2024 9:51,11331,7/8/2024,2,101.3,,0,0,0,0,0,0,1,1,,,,2,1,,,0,2,Diarrhea,,,Treatable,,
12345678,Skyview,Kenson,7/11/2024,7/11/2024 9:11,11331,7/8/2024,3,102,,0,0,0,0,0,0,2,2,,,,1,1,0,,1,0,NoDisease,,Recheck,,,
12345678,Skyview,Kenson,7/10/2024,7/10/2024 9:56,11333,7/9/2024,1,101.5,,0,0,0,0,0,0,1,1,,,,0,0,0,,0,0,NoDisease,,,,,
12345678,Skyview,Kenson,7/12/2024,7/12/2024 9:12,11333,7/9/2024,3,102.1,,0,0,0,0,0,0,2,2,,,,1,0,0,,1,0,NoDisease,,Recheck,,,
12345678,Skyview,Kenson,7/11/2024,7/11/2024 10:10,11338,7/10/2024,1,101.4,,0,0,0,0,0,0,1,1,,,,0,0,0,,0,0,NoDisease,,,,,
12345678,Skyview,Kenson,7/12/2024,7/12/2024 9:19,11338,7/10/2024,2,101.9,,0,0,0,0,0,0,1,1,,,,1,0,0,,0,0,NoDisease,,,,,
12345678,Skyview,Kenson,7/13/2024,7/13/2024 9:12,11338,7/10/2024,3,100.6,,0,0,0,0,0,0,0,0,,,,0,0,0,,0,0,NoDisease,,,,,
12345678,Skyview,Kenson,7/11/2024,7/11/2024 10:12,11339,7/10/2024,1,101.1,,0,0,0,0,0,0,1,1,,,,0,0,0,,0,0,NoDisease,,,,,
12345678,Skyview,Kenson,7/12/2024,7/12/2024 9:21,11339,7/10/2024,2,101.6,,0,0,0,0,0,0,1,1,,,,1,0,0,,0,0,NoDisease,,,,,
12345678,Skyview,Kenson,7/13/2024,7/13/2024 9:14,11339,7/10/2024,3,101.8,,0,0,0,0,0,0,1,1,,,,1,0,0,,0,0,NoDisease,,,,,
12345678,Skyview,Kenson,7/11/2024,7/11/2024 10:14,11340,7/10/2024,1,101.2,,0,0,0,0,0,0,1,1,,,,1,0,0,,0,0,NoDisease,,,,,
12345678,Skyview,Kenson,7/12/2024,7/12/2024 9:23,11340,7/10/2024,2,102.1,,0,0,0,0,0,0,2,2,,,,2,0,0,,1,2,Diarrhea,,,Treatable,,
12345678,Skyview,Kenson,7/13/2024,7/13/2024 9:18,11340,7/10/2024,3,101.5,,0,0,0,0,0,0,1,1,,,,0,0,0,,0,0,NoDisease,,,,,
12345678,Skyview,Kenson,7/11/2024,7/11/2024 10:15,11341,7/10/2024,1,100.9,,2,0,0,0,0,0,0,0,,,,1,0,0,,0,0,NoDisease,,,,,
12345678,Skyview,Kenson,7/12/2024,7/12/2024 9:25,11341,7/10/2024,2,102.5,,0,0,0,0,0,0,2,2,,,,1,0,0,,1,0,NoDisease,,Recheck,,,
12345678,Skyview,Kenson,7/13/2024,7/13/2024 9:20,11341,7/10/2024,3,100.6,,0,0,0,0,0,0,0,0,,,,0,0,0,,0,0,NoDisease,,,,,
12345678,Skyview ,Destiny ,7/16/2024,7/16/2024 9:57,11358,7/15/2024,1,101.7,,0,0,0,0,0,0,1,1,,,,1,0,0,,0,0,NoDisease,,,,,
12345678,Skyview ,Kenson,7/17/2024,7/17/2024 11:51,11358,7/15/2024,2,102.3,,0,0,0,0,0,0,2,2,,,,0,0,0,,1,0,NoDisease,,Recheck,,,
12345678,Skyview,Kenson,7/18/2024,7/18/2024 10:27,11358,7/15/2024,3,102.2,,0,0,0,0,0,0,2,2,,,,0,0,0,,1,0,NoDisease,,Recheck,,,
12345678,Skyview ,Kenson,7/17/2024,7/17/2024 11:49,11361,7/16/2024,1,100.4,,0,0,0,0,0,0,0,0,,,,0,0,0,,0,0,NoDisease,,,,,
12345678,Skyview,Kenson,7/18/2024,7/18/2024 9:28,11361,7/16/2024,2,101.2,,0,0,0,0,0,0,1,1,,,,0,0,0,,0,0,NoDisease,,,,,
12345678,Skyview ,Destiny,7/19/2024,7/19/2024 9:21,11361,7/16/2024,3,101.5,,0,0,0,0,0,0,1,1,,,,2,0,0,,0,2,Diarrhea,,,Treatable,,
12345678,Skyview ,Isabela,7/23/2024,7/23/2024 9:49,11375,7/22/2024,1,101,,0,0,0,0,0,0,1,1,,,,1,0,0,,0,0,NoDisease,,,,,
12345678,Skyview ,Isabela,7/24/2024,7/24/2024 9:14,11375,7/22/2024,2,101.7,,0,0,0,0,0,0,1,1,,,,2,0,0,did not consume pm feeding on 7/23,0,2,Diarrhea,,,Treatable,,
12345678,Skyview ,Isabela,7/25/2024,7/25/2024 8:39,11375,7/22/2024,3,101.2,,0,0,0,0,0,0,1,1,,,,1,0,0,,0,0,NoDisease,,,,,
12345678,Skyview ,Isabela,7/24/2024,7/24/2024 9:16,11379,7/23/2024,1,101.5,,2,0,0,0,0,0,1,1,,,,2,0,0,,0,2,Diarrhea,,,Treatable,,
12345678,Skyview ,Isabela,7/25/2024,7/25/2024 8:41,11379,7/23/2024,2,101.8,,0,0,0,0,0,0,1,1,,,,1,0,0,,0,0,NoDisease,,,,,
12345678,Skyview ,Isabela,7/26/2024,7/26/2024 9:39,11379,7/23/2024,3,101.8,,0,0,0,0,0,0,1,1,,,,1,0,0,,0,0,NoDisease,,,,,
12345678,Skyview ,Isabela,7/26/2024,7/26/2024 9:44,11387,7/25/2024,1,101.2,,0,0,0,0,0,0,1,1,,,,0,0,0,,0,0,NoDisease,,,,,
12345678,Skyview ,Isabela,7/27/2024,7/27/2024 9:22,11387,7/25/2024,2,101.5,,0,0,0,0,0,0,1,1,,,,1,0,0,,0,0,NoDisease,,,,,
12345678,Skyview ,Isabela,7/28/2024,7/28/2024 9:37,11387,7/25/2024,3,101.8,,0,0,0,0,0,0,1,1,,,,0,0,0,,0,0,NoDisease,,,,,
12345678,Skyview ,Isabela,7/26/2024,7/26/2024 9:46,11388,7/25/2024,1,101.4,,0,0,0,0,0,0,1,1,,,,1,0,0,,0,0,NoDisease,,,,,
12345678,Skyview ,Isabela,7/27/2024,7/27/2024 9:24,11388,7/25/2024,2,102.1,,0,0,0,0,0,0,2,2,,,,2,0,0,,1,2,Diarrhea,,,Treatable,,
12345678,Skyview ,Isabela,7/28/2024,7/28/2024 9:41,11388,7/25/2024,3,102.4,,0,0,0,0,0,0,2,2,,,,1,0,0,,1,0,NoDisease,,Recheck,,,
12345678,Skyview ,Isabela,7/26/2024,7/26/2024 9:48,11389,7/25/2024,1,101.8,,0,0,0,0,0,0,1,1,,,,0,0,0,,0,0,NoDisease,,,,,
12345678,Skyview ,Isabela,7/27/2024,7/27/2024 9:26,11389,7/25/2024,2,100.8,,0,0,0,0,0,0,0,0,,,,1,0,0,,0,0,NoDisease,,,,,
12345678,Skyview ,Isabela,7/28/2024,7/28/2024 9:45,11389,7/25/2024,3,101.9,,0,0,0,0,0,0,1,1,,,,1,0,0,,0,0,NoDisease,,,,,
12345678,Skyview ,Destiny,7/30/2024,7/30/2024 9:48,11405,7/29/2024,1,101.5,,2,0,0,0,0,0,1,1,,,,2,0,0,,0,2,Diarrhea,,,Treatable,,
12345678,Skyview ,Isabela,7/31/2024,7/31/2024 11:50,11405,7/29/2024,2,101.8,,0,0,0,0,0,0,1,1,,,,1,0,0,,0,0,NoDisease,,,,,
12345678,Skyview ,Destiny ,8/1/2024,8/1/2024 7:15,11405,7/29/2024,3,102,,,0,0,0,0,0,2,2,,,,2,0,0,,1,2,Diarrhea,,,Treatable,,
12345678,Skyview ,Isabela,7/31/2024,7/31/2024 11:01,11406,7/30/2024,1,102.2,,0,0,0,0,0,0,2,2,,,,1,0,0,little bit of blood in poop,1,0,NoDisease,,Recheck,,,
12345678,Skyview ,Destiny ,8/1/2024,8/1/2024 7:17,11406,7/31/2024,2,101.8,,,0,0,0,0,0,1,1,,,,3,0,0,,0,2,Diarrhea,,,Treatable,,
12345678,Skyview,Isabela,8/2/2024,8/2/2024 8:21,11406,7/30/2024,3,101.7,,0,0,0,0,0,0,1,1,,,,1,0,0,,0,0,NoDisease,,,,,
12345678,Skyview ,Isabela,7/31/2024,7/31/2024 10:59,11407,7/30/2024,1,101.2,,2,0,0,0,0,1,1,2,,,,1,0,0,,0,0,NoDisease,,,,,
12345678,Skyview,Destiny ,8/1/2024,8/1/2024 7:19,11407,7/30/2024,2,101.1,,,0,0,0,0,0,1,1,,,,2,0,0,,0,2,Diarrhea,,,Treatable,,
12345678,Skyview,Isabela,8/2/2024,8/2/2024 9:10,11407,7/30/2024,3,101,,0,0,0,0,0,0,1,1,,,,2,0,0,,0,2,Diarrhea,,,Treatable,,
12345678,Skyview ,Destiny ,8/3/2024,8/3/2024 10:18,11413,8/2/2024,1,101.7,,0,0,0,0,0,0,1,1,,,,0,0,0,,0,0,NoDisease,,,,,
12345678,Skyview ,Destiny ,8/4/2024,8/4/2024 10:00,11413,8/2/2024,2,102.9,,2,0,0,0,0,0,2,2,,,,2,0,0,,1,2,Diarrhea,,,Treatable,,
12345678,Skyview ,Bela,8/5/2024,8/5/2024 7:00,11413,8/2/2024,3,101.4,,0,0,0,0,0,0,1,1,,,,2,0,0,,0,2,Diarrhea,,,Treatable,,
12345678,Skyview ,Destiny ,8/3/2024,8/3/2024 10:20,11414,8/2/2024,1,101.8,,0,0,0,0,0,0,1,1,,,,,,,,0,0,NoDisease,,,,,
12345678,Skyview ,Destiny ,8/4/2024,8/4/2024 10:01,11414,8/2/2024,2,102.5,,0,0,0,0,0,0,2,2,,,,2,0,0,,1,2,Diarrhea,,,Treatable,,
12345678,Skyview ,Bela,8/5/2024,8/5/2024 6:58,11414,8/2/2024,3,101,,0,0,0,0,0,0,1,1,,,,1,0,0,,0,0,NoDisease,,,,,
12345678,Skyview ,Destiny,8/7/2024,8/7/2024 6:38,11429,8/6/2024,1,101.1,,0,0,0,0,0,0,1,1,,,,1,0,0,,0,0,NoDisease,,,,,
12345678,Skyview ,Destiny,8/8/2024,8/8/2024 9:39,11429,8/6/2024,2,101.8,,0,0,0,0,0,0,1,1,,,,1,1,0,,0,0,NoDisease,,,,,
12345678,Skyview,Kenson,8/9/2024,8/9/2024 9:18,11429,8/6/2024,3,101.5,,0,0,0,0,0,0,1,1,,,,0,1,0,,0,0,NoDisease,,,,,
12345678,Skyview ,Destiny,8/7/2024,8/7/2024 6:38,11430,8/6/2024,1,99.8,,2,0,0,0,0,0,0,0,,,,1,0,0,,0,0,NoDisease,,,,,
12345678,Skyview ,Destiny,8/8/2024,8/8/2024 9:40,11430,8/6/2024,2,101.4,,0,0,0,0,0,0,1,1,,,,1,0,0,,0,0,NoDisease,,,,,
12345678,Skyview,Kenson,8/9/2024,8/9/2024 10:27,11430,8/6/2024,3,101.9,,0,0,0,0,0,0,1,1,,,,0,0,0,,0,0,NoDisease,,,,,
12345678,Skyview ,Destiny,8/8/2024,8/8/2024 9:40,11433,8/7/2024,1,99.6,,0,0,0,0,0,0,0,0,,,,0,0,0,,0,0,NoDisease,,,,,
12345678,Skyview,Kenson,8/9/2024,8/9/2024 10:29,11433,8/7/2024,2,100.4,,0,0,0,0,0,0,0,0,,,,0,0,0,,0,0,NoDisease,,,,,
12345678,Skyview,Kenson,8/10/2024,8/10/2024 8:59,11433,8/7/2024,3,101.4,,0,0,0,0,0,0,1,1,,,,0,0,0,,0,0,NoDisease,,,,,
